B11,B12,B2,B3,B4,B5,B6,B7,B8,B8A,Elevation,VH_Asc,VH_Desc,VV_Asc,VV_Desc,h_canopy
1837,1020,492,773,622,1184,2328,2681,2885,3005,1005.7425,-16.33937246,-10.28148696,-8.731255495,-2.125717804,4.5424805
1831.5,947,398.5,654,546.5,1028,2611,3073.5,3483,3306,734.1318,-16.03823595,-15.61203702,-10.01908188,-8.431759594,15.034058
2378,1438.5,566,831,785.5,1239.5,2238,2635.5,2663.5,2817,554.70605,-19.39205551,-14.00688364,-13.53410134,-8.087716596,32.833008
2132,1155,419,713,493,1110,2634,3067,3174,3273,2334.2925,-12.94858484,-18.34654332,-5.132399346,-10.57945094,11.067139
1764,938.5,371,545,460,804.5,2281,2988.5,3068.5,3242.5,514.3407,-13.62734455,-15.26290002,-8.169928697,-10.67254622,19.914185
2250,1338,426,726,617,1196,2783,3266,3382,3549,2416.3728,-17.60072996,-14.02876098,-11.52776574,-7.850537903,5.474365
2446.5,1543,693,966.5,827,1330,2434,2863.5,2987.5,2993,501.5489,-17.65337503,-16.17507601,-12.32297049,-10.82383091,9.452942
2082,1085,412,672,490,1068,2520,3015,3047,3105,2505.894,-13.57107418,-16.85936768,-7.396932482,-11.02166334,7.231201
2453,1316,472,750,565,1223,2958,3438,3567,3724,2256.071,-14.30961194,-17.12092783,-7.83210834,-11.42667094,12.260742
2038,1122,391,637,407,952,2572,3062,3083,3400,511.7588,-12.79821871,-13.22755372,-5.887008513,-6.038644141,10.369507
2106,1203.5,362.5,640.5,502,1077,2426,2791,2850.5,3038,1564.1879,-15.88320475,-15.61411106,-9.932881864,-9.596264812,10.924561
2236,1086,331,610,411,1040,2971,3592,3714,3887,2417.3765,-15.19524075,-15.47447366,-9.085227835,-9.44585273,9.4609375
2521,1345,462,777,597,1270,3255,3740,3942,4044,2383.2073,-15.81706583,-16.13705088,-9.028112634,-9.874450442,10.277344
2137,1029,376,669,409,1069,3065,3595,3634,3782,2334.2085,-13.76084468,-16.45236625,-8.584883803,-10.89146979,6.5021973
2192,1072,343,638,368,1092,2988,3563,3669,3835,2335.2695,-17.04362658,-14.60597831,-11.375712,-8.490863702,7.241455
2447,1147,406,725,404,1256,3479,4168,4303,4428,2289.3074,-16.71047487,-16.08065633,-10.47821886,-9.036575014,9.339844
2386,1084,404,667,414,1114,3386,4172,4256,4439,2229.4622,-18.81303351,-14.65821913,-12.59182879,-8.877326502,15.085205
2414,1087,401,661,385,1111,3619,4378,4514,4659,2242.9187,-14.40775168,-16.56520344,-7.844313154,-10.10116337,11.544922
1888,1005,395,626,339,959,2799,3363,3413,3618,507.84073,-13.30470791,-14.43100566,-6.178200625,-8.650982824,24.48938
2133,1018,308,599,335,1024,2961,3539,3673,3785,2293.9878,-16.36413045,-13.97742847,-10.82998186,-8.615171932,6.3828125
2226,1121,356,626,417,1085,2950,3559,3695,3822,2302.4941,-16.72371514,-15.00470413,-10.76557193,-9.642145723,6.6989746
1991,888,334,540,312,890,2905,3573,3706,3808,2291.2854,-14.14607289,-15.24337355,-7.736230552,-9.552111499,19.94873
2425,1213,452,761,538,1244,3380,4037,4178,4348,2206.9885,-15.64509969,-16.99778315,-9.501209952,-10.45742251,18.587158
2033,1000.5,302.5,537,305,875.5,2921.5,3494.5,3780.5,3885,532.01434,-12.63129411,-17.94930748,-6.423564998,-11.44680939,20.671722
2328,1034,397,596,361,978,3201,3835,3964,4112,2213.576,-15.79559874,-14.83621786,-10.11058797,-8.450957338,19.489258
2255,1030,339,554,355,955,3017,3610,3747,3840,2169.017,-17.13852713,-14.99735153,-10.24029209,-8.628679291,18.867676
2391,1083,292,553.5,290.5,991,3411.5,4345,4433.5,4722.5,512.47723,-16.88862865,-14.45928495,-10.81020294,-7.69895971,29.557922
2272,1027,363,584,359,989,3180,3806,3920,4083,2171.066,-16.33750125,-14.94191782,-10.4467714,-8.811490006,16.12378
2161,1015,340,584,359,976,2762,3261,3352,3504,2149.0984,-12.37049762,-18.31080133,-5.54462996,-11.59977186,19.413086
2158,957,335,598,341,1015,3045,3638,3764,3882,2121.3528,-12.60679263,-17.9889428,-6.709406867,-12.51667537,20.614746
1824.5,904.5,395,610,375,831.5,2508.5,3114.5,3184,3336,226.17195,-17.71269422,-15.3297124,-10.40278252,-8.221181905,29.605621
1761,860.5,378,607,346.5,829.5,2368.5,2996,3089.5,3237.5,211.18536,-13.04696001,-15.4070052,-7.736715012,-8.515966872,22.365265
1701,820,373,599,333,836,2391,2858,2975,3166,200.65526,-13.33980175,-16.98302571,-7.426874159,-10.69396139,24.160492
1768,835,379,586,338,785,2522,3124,3162,3387,196.48166,-13.45101105,-14.70105344,-6.82435934,-7.833611066,18.546753
1835,848,406,635,343,859,2557,3052,3245,3331,194.79288,-13.4274513,-16.74653512,-6.501325844,-10.47734229,19.934067
1889,882,394,629,347,872,2738,3483,3603,3734,193.52274,-11.27430355,-18.09748555,-5.368569901,-11.16446879,21.140747
1879,857,377,619,339,852,2657,3262,3369,3512,193.5206,-12.82668501,-14.73152678,-6.149288808,-8.574650295,25.999466
1838,851,383,610,350,796,2636,3158,3225,3414,204.31721,-12.51602961,-15.83529382,-5.655009201,-9.299001668,27.978867
1846,842,388,637,371,829,2565,3231,3275,3425,217.1056,-14.09146865,-14.42342114,-7.356114807,-7.483666081,26.336578
1895,887,405,652,379,860,2639,3278,3329,3444,214.41884,-15.79622181,-13.75077091,-9.292084105,-7.478149769,21.45253
1954,909,429,677,388,871,2665,3317,3429,3488,192.76582,-14.65119222,-14.16326158,-7.673239607,-8.616217034,21.74878
1962,923,444,677,390,911,2653,3332,3307,3531,181.3491,-14.57995611,-13.4858157,-8.020571996,-6.555334387,15.459549
2226,1251,525,756,535,1048,2774,3407,3553,3639,170.68083,-16.85929693,-13.78234686,-11.02692041,-6.02857082,12.121704
2318,1552,660,930,798,1299,2552,2969,2947,3234,157.22281,-16.41607872,-16.01191621,-10.41085681,-9.49171513,6.921219
1887.5,848.5,390.5,618.5,352,862.5,2929.5,3740.5,3831.5,3938,211.01459,-11.35210108,-16.42380024,-4.219231566,-9.935112022,21.913406
2483,1388,467,818,613,1357,2880,3307,3426,3614,2377.7722,-13.52068903,-17.77078178,-7.838113923,-11.88637667,9.691162
2305,1806,677,829,889,1163,1828,2132,2003,2209,142.12962,-14.68564645,-16.77127671,-6.012696347,-11.11885389,11.519531
1690,815,373,565,344,791,2372,2905,2923,3152,141.75569,-13.57053947,-14.85799054,-7.45508722,-8.679730865,23.9859
2221.5,1630.5,573.5,795.5,915,1414,2592,2896,2906,3096,85.58625,-9.352252645,-11.16645313,-5.843423583,-5.174751364,14.874947
2034,1027,445,696,469,973,2830,3397,3405,3660,140.58875,-14.05789042,-15.4690789,-8.235509334,-9.396846019,16.91832
1633,745,348,549,330,764,2486,3117,3220,3311,137.54362,-14.53168814,-14.38767419,-7.745830499,-7.311876904,20.289627
2406,1515,493,758,638,1180,2327,2711,2784,3028,134.5592,-14.50922823,-15.95546193,-7.873685148,-9.849680771,5.1135406
1988,930,369,612.5,350,949.5,3064.5,3706.5,3803,3952.5,213.11688,-19.21367743,-10.91588123,-12.73189275,-3.779401502,19.481583
1876.5,891.5,341,539,323,870.5,2651,3294.5,3503,3523.5,201.17424,-13.83346054,-15.52682583,-7.192039802,-8.488615289,24.537216
1779.5,986,411,623.5,478.5,963.5,2411.5,2921,3064,3046.5,194.15938,-14.59842132,-15.61809683,-7.924437419,-9.12081507,3.8424377
2158,1349,623,844,696,1255,2527,3018,2956,3234,123.37512,-14.63090294,-15.53192265,-6.922769987,-9.833870262,7.4349976
1988,968,333,561,319.5,905.5,2922,3647.5,3835,3857,193.13335,-15.87920287,-13.29704909,-9.921414288,-6.772170343,7.7650146
1921.5,930.5,368,608.5,356,939,2709,3343.5,3469.5,3558.5,276.9246,-17.41423406,-12.35287245,-10.24573062,-5.581739769,18.255829
2134,1430,680,966,829,1316,2709,3071,3121,3270,120.85678,-12.28072989,-16.25036119,-8.645531545,-8.434998452,5.597931
1942,955.5,394.5,662.5,380,970.5,2770,3351,3490.5,3669,280.34308,-17.48974088,-13.16559703,-10.69929354,-6.266612746,21.246124
1941.5,891,294.5,512,258.5,826.5,2953,3717.5,3919,3978,192.0153,-14.03220969,-13.284343,-8.910480434,-7.482267857,24.078934
2128,1574,637,873,815,1251,2528,2865,2904,3196,113.565704,-14.21619231,-15.86725783,-7.606817898,-9.105378985,5.0721054
1832.5,906.5,371.5,584.5,381.5,867,2425,2978,2943,3178,222.07811,-15.57876134,-14.56318265,-8.964413091,-8.934526847,23.427597
2420.5,1478,527,837,673,1317.5,2990.5,3553.5,3578.5,3716,214.73871,-17.07321565,-13.7515583,-10.66950309,-5.906695124,18.448608
2006,960.5,415.5,648,396,912,2612,3274,3276.5,3513,208.2918,-15.62265385,-13.03196922,-9.352915107,-6.616423859,19.498566
2014,1022.5,436,660.5,428.5,965.5,2464,3010,3112,3285,149.56439,-15.40914807,-13.04366247,-9.573567538,-7.581427326,14.77095
2310,1582.5,645,902,809.5,1265,2573.5,2994.5,3008,3178.5,72.308784,-14.91651399,-14.84082277,-2.203642583,-8.081613425,10.036491
2061,1073,433,655.5,435.5,971.5,2578.5,3136,3176,3412,143.82928,-15.29893794,-14.75934071,-9.328032135,-8.098533046,19.020218
2236,1656,729,1016,987,1440,2370,2688,2633,2883,103.70694,-17.57054007,-16.39185165,-9.549895188,-9.889934563,5.569458
1587.5,879.5,593.5,912,804.5,1256.5,2230,2669.5,2653,2731,300.2681,-15.8141777,-15.95049418,-9.954381819,-10.15271587,19.120697
1944.5,1022,435,658.5,464,1028,2744.5,3264,3275,3533.5,57.538376,-15.79078698,-16.08206503,-9.606569879,-8.256815446,6.1245995
2163,1597,951,1171,1142,1503,2434,2683,2621,2872,86.15668,-14.87011053,-12.20505614,-5.948203127,-7.814795807,8.211876
2207,1689,760,985,1015,1378,2373,2702,2575,2855,67.36157,-14.96998248,-15.83713927,-7.177045235,-8.042494973,13.998268
2585,1868,765,999,975,1356,2325,2555,2557,2849,58.308548,-14.52974984,-14.72068856,-9.429564442,-10.60110485,6.9340324
2026,1096,500.5,743.5,559,1115.5,2462,3067,3219,3325.5,38.78298,-15.58522569,-15.3036326,-8.465322755,-9.785739752,7.306053
2045,1028,470,735,458,1149,3163,3830,3881,4065,58.851833,-14.50332333,-14.74089532,-6.986170872,-8.715446422,8.660896
2023.5,1364,643,881,735,1186.5,2354.5,2767.5,2867,2963.5,36.20599,-14.90568162,-14.59375727,-7.467267416,-5.145745556,7.0318336
2205,1085.5,495.5,817,510.5,1262,3017,3534,3610.5,3796,286.18854,-19.75247822,-13.87160827,-13.46236706,-7.659018934,17.625214
2171,1200,449.5,671.5,555,1039.5,2774.5,3421.5,3552.5,3673,268.1408,-16.8656735,-14.5476735,-10.34213178,-7.302426788,8.77652
2943,1377,398,945.5,395,1574.5,4310,4867.5,5072,5111,1468.0363,-10.0503043,-19.10097426,-2.523788156,-12.94755864,9.16394
2333,1551.5,626,959,956,1485.5,2848.5,3244.5,3260.5,3435.5,1328.5455,-12.44916846,-14.60119787,-7.316204516,-8.8551207,14.890137
1866.5,968,442.5,695.5,450.5,1001.5,2791,3337.5,3469,3451,27.507252,-13.80646347,-15.54133499,-7.752860787,-8.367650907,12.6518955
1971,980.5,439.5,704,442,1014,2838,3295,3363,3559,29.019314,-14.16671093,-14.61405512,-7.154325032,-8.51136561,16.52471
2721.5,2111.5,983.5,1249,1299.5,1719.5,2587,2964,2984.5,3203,1218.7476,-10.71048469,-14.50784692,-3.210273926,-7.458817096,10.951538
1716,818.5,448.5,651.5,425,899.5,2527.5,2890.5,2960.5,3019,29.885939,-12.54128666,-15.50590033,-7.237570893,-9.956010715,31.526386
1992.5,1093,466.5,732,505.5,1107,2681,3055.5,3199.5,3319.5,187.7314,-14.87660376,-19.42325644,-8.5082402,-11.9905999,12.476242
2374.5,1203.5,293.5,632,328,1122.5,2983.5,3546.5,3672,3800.5,1607.8397,-16.56409762,-11.76448279,-11.30948166,-4.657253126,7.6115723
1949.5,867.5,344.5,549.5,324,871,2964.5,3731.5,3866.5,3980,537.5672,-11.5399181,-17.99569176,-4.240089371,-11.64576506,25.745605
1785,787.5,423,650,399.5,979,2772.5,3399,3502.5,3712.5,18.099682,-13.70008735,-14.02385104,-7.674785543,-7.360048705,25.766865
1754,802,415,642.5,397,945,2647.5,3176,3259.5,3487,18.162085,-12.14169215,-15.2330407,-6.515334046,-8.907223523,23.480854
2228.5,1593,709.5,984.5,908,1408,2520.5,2949.5,3067,3160.5,9.563815,-15.34837568,-15.484408,-9.800049237,-8.220122456,8.951939
1813.5,801,413.5,665,385.5,967,2797.5,3381.5,3487.5,3671,16.481129,-13.94051595,-14.40020046,-6.445469606,-8.520256628,20.732397
2664,2226,1028,1257,1355,1676,2505,2726,2686,2811,17.684406,-12.02110981,-14.02176775,-0.69475872,-7.993015066,8.262339
2474.5,1649,612,930,785.5,1454.5,2755.5,3182,3241,3377.5,4.624133,-14.41471481,-16.2151591,-7.253743634,-9.592280563,7.34541
1784,796.5,408.5,656,387,957,2723.5,3248.5,3366,3663,13.534967,-12.50341979,-14.36010148,-6.904702909,-8.144606246,20.514723
2123,1341,668,861,733,1292,2507,2947,2984,3189,12.545473,-15.75606756,-16.65237852,-9.704920244,-9.912018591,7.380767
2365.5,1185.5,311.5,603,386.5,1009.5,2834,3384,3441,3706,1650.3807,-14.88392683,-13.96041941,-9.096722375,-7.528738384,20.125
1861,863.5,418.5,693.5,393.5,995.5,2811,3417.5,3545.5,3790.5,5.479534,-13.51356483,-14.13806773,-5.847819133,-7.524592574,17.20384
1854.5,849.5,405.5,670,384,971.5,2749.5,3312,3482,3649,3.850001,-13.35680826,-15.20399266,-6.436411655,-9.327991459,23.265934
2096,1385,724,957,859,1357,2559,3004,3002,3231,11.114662,-16.92076365,-16.65608868,-9.422571527,-9.211332686,7.4210606
1503,752,471,652,464,941,2343,2764,2878,2995,10.660732,-14.6055782,-15.95699196,-8.103135485,-9.149731517,5.356722
1776.5,776.5,404,657,378,939,2833,3431.5,3545,3773,2.253009,-14.06544784,-14.68875114,-7.413146474,-8.384339118,24.397375
1830.5,836,406.5,636,373,921.5,2717.5,3342.5,3449.5,3661,2.20165,-13.3884764,-14.95181593,-7.85237149,-8.670241412,23.284435
2671,2294.5,856.5,1110.5,1108,1440,2069.5,2257,2413.5,2473.5,65.39668,-14.64022644,-14.00851325,0.220165132,-3.542944314,10.197926
1723,908,509,693,516,1069,2387,2918,2864,3155,9.275472,-14.37453208,-15.68988421,-9.031776397,-9.139964565,4.9953027
2162.5,1431.5,602.5,876.5,806,1303,2496.5,2854,2967.5,3085,39.012497,-16.35410345,-16.22229288,-9.174007046,-9.91060611,4.7133007
2070,1350.5,592,884,811.5,1277,2345,2692.5,2753.5,2886,38.728756,-15.63358761,-16.34954995,-8.628707618,-9.078118397,6.330843
2130,1031,336,699,371,1151,2941,3640,3710,3923,551.6985,-13.0440551,-17.48212358,-7.085658739,-10.11105451,21.123657
2227.5,1610,657.5,932.5,847.5,1312,2377,2751.5,2848,2946,12.496462,-14.60706271,-13.09189708,-5.306524255,-8.410182012,7.2994194
2607.5,1879,765.5,1081.5,1111,1556,2494,2934.5,2977.5,3060,191.44427,-16.24270172,-15.64203156,-9.575679059,-8.879714218,10.073212
1589,826,512,689,508,1015,2328,2768,2815,2951,-8.084411,-17.97754519,-13.25976232,-12.27901414,-6.261967074,20.343857
1609,891,579,792,701,1000,2184,2534,2545,2649,293.0621,-18.98501263,-19.14713572,-13.08514226,-12.1678935,35.284668
1867,888,549,796,667,1171,2800,3338,3309,3627,-10.282311,-19.95055243,-14.60786471,-12.25502226,-7.597422044,22.827944
2052,1015,511,765,506,1137,3004,3603,3692,3794,-5.90608,-20.70758292,-12.70069364,-14.53719912,-5.65502985,23.609898
1880,1106,582,821,704,1215,2447,3071,3103,3257,-12.161223,-18.05414687,-16.09906402,-11.84310698,-8.710002472,23.046154
1830.5,1047.5,435,696,610,1147,2513.5,2969,2987.5,3211.5,842.77905,-17.84749447,-14.94927618,-11.78068685,-8.621300538,6.930725
2065.5,1226.5,509,788,653,1202,2473,2859.5,3000,3063.5,7.1171675,-16.36018851,-15.81969825,-8.533797935,-9.716210085,5.2701397
1914.5,1234.5,548,778.5,659.5,1151,2261,2614.5,2684.5,2805,5.1589565,-16.24924584,-16.61938403,-9.217514333,-9.585846732,5.0047336
1734.5,827,421,620.5,396,926,2384,2762,2784.5,2974,-15.71218,-13.81343376,-14.92759009,-7.604590552,-7.898072764,21.02616
1708.5,814.5,506.5,707,523,921.5,2092.5,2426,2263.5,2553,-15.825824,-13.52035892,-17.3068165,-7.764577691,-12.48559598,20.618013
1636,745.5,443,615.5,425,852,2281,2757,2717.5,3017,-15.810722,-12.4265378,-17.18714818,-5.978710261,-10.94951484,16.811829
1191,616,380,559,342,734,1781,2089,2106,2219,-15.405977,-14.13469934,-15.06908018,-8.80391986,-9.284946585,18.230354
1703,794.5,420.5,634.5,415.5,895.5,2440,2898.5,2913,3204.5,-12.996793,-14.10871222,-14.69890571,-7.583860911,-8.645166685,17.053606
1994,970,366,583,355,935,2945,3713,3707,3878,265.86032,-17.67738199,-17.81002877,-11.62095751,-10.71665988,34.102295
2788,2224.5,820.5,1188.5,1384,1748.5,2588,2963.5,3104,3137.5,136.16841,-14.87952317,-13.65760589,-8.095893189,-7.125612071,10.035591
1722,798,441,646,405.5,919,2635.5,3119.5,3246.5,3364,-8.839844,-15.06343337,-13.98595598,-8.15277536,-8.162908044,27.003483
2629,1882.5,647.5,935,957,1394,2281.5,2618.5,2696,2827.5,26.363373,-18.7468797,-15.31490192,-10.94296348,-8.33808423,4.15168
2234,1090.5,442.5,787.5,496.5,1241.5,3324.5,4171.5,4297.5,4379,636.23,-15.33585805,-18.23259854,-8.431598157,-11.47511495,19.472107
1525,738.5,444.5,649.5,408.5,904,2320.5,2702.5,2779.5,2885,-19.001816,-14.34740509,-13.70826149,-8.074906268,-7.450525522,14.655407
2358,1125,314,606.5,333,1074,3147.5,3908,4016.5,4237,642.51587,-21.3990548,-15.47548787,-15.24975168,-8.599044968,19.134155
2473.5,1769,632.5,926.5,912.5,1457.5,2594.5,2995,3119.5,3305,21.270346,-16.44193527,-15.99036942,-9.905071698,-9.820877256,3.109744
2018,980,388,593,371,934,3003,3623,3751,3849,124.731575,-22.14216603,-13.6658278,-16.77548457,-6.550999983,49.70645
2505.5,1708,675.5,1023.5,979.5,1485.5,2781.5,3157.5,3189,3291,105.16404,-15.23206034,-15.9221382,-8.616521407,-9.935037269,15.563942
2591,1906.5,727.5,1013.5,1130,1554.5,2465,2797,2872,2949,246.7602,-17.15388914,-18.73107636,-9.687063159,-11.99279445,3.662735
2305,1574.5,671,945.5,853.5,1339.5,2535.5,2958,3004.5,3206,2.5315504,-16.14173772,-16.59636775,-9.441405552,-10.24377459,3.8386402
2520.5,1687,672,956.5,941,1412.5,2459,2850,2927,3037,11.559754,-17.49060924,-17.9305591,-10.71287873,-10.90877859,3.3687086
2777,1820,751,1099,1019,1585,2809,3174,3337,3515,49.650955,-16.74123277,-15.2236397,-10.47257311,-9.693984597,4.9840355
2196,1419.5,626,905,816,1307.5,2425.5,2770.5,2888.5,2957,-2.355462,-16.37224203,-14.52407927,-9.196621715,-7.702618558,3.6337547
2235,1521,550,782,759,1197,2195,2595.5,2696.5,2821,6.2295346,-16.83776339,-17.50693022,-11.17780453,-10.60701472,2.7918108
2175,1502,779,1093,1024,1509,2786,3215,3329,3427,43.010254,-15.88572484,-15.17010663,-8.875616871,-8.267439829,3.4296913
2060,1530,699,949,843,1251,2202,2553,2580,2732,-21.4367,-15.24828576,-12.38104845,-7.240709641,-5.334429638,6.274744
2048,1221,582,844,632,1250,2709,3212,3265,3464,-18.299885,-17.05754815,-14.92776339,-10.37754424,-9.088950427,8.626247
2485,1276,384.5,739.5,460,1217,3897,4644,4858.5,4888.5,2241.1792,-16.86454683,-14.31688772,-11.36750425,-7.798154529,8.09375
1788,967.5,457.5,727,518,1109.5,2681,3198,3336,3450.5,-5.2842317,-16.29102963,-15.7542181,-9.593308543,-9.292058098,6.1046066
2191.5,1314,550,871.5,699,1234.5,2365,2853.5,2853.5,2982.5,84.41683,-16.82611055,-16.2567327,-11.16394188,-9.056915895,16.88844
2260,1441.5,591,825.5,713.5,1226,2481.5,2883,2916,3104.5,-6.8887763,-16.06864722,-15.86126645,-10.11990335,-8.681169451,6.883094
1784.5,975.5,469.5,708.5,534.5,1040.5,2456.5,2916.5,2944.5,3124.5,-7.4340663,-15.94707783,-16.41982034,-9.594434775,-8.979183306,5.879318
1829,1370,634.5,843,900.5,1177,1896,2097.5,2162.5,2245,1973.6012,-13.39552771,-16.4443509,-3.075215587,-10.39326875,7.744507
2250.5,1595,652.5,889,800.5,1302.5,2294.5,2603,2704.5,2792.5,-8.082973,-16.09341691,-15.64652155,-7.022906682,-7.539140542,3.8859863
1927,1209,553.5,810.5,644,1169.5,2331.5,2761.5,2805.5,2930,-16.251118,-16.1747235,-16.50933659,-9.26636796,-9.111965689,5.3960094
2064,1340,579.5,828,749,1235.5,2352.5,2756.5,2812.5,2963,-10.911324,-15.98145794,-15.72194411,-9.224461048,-9.745216771,5.5089474
2123,1406,586,828,899,1304,2097,2373,2487,2597,292.67938,-15.97141654,-17.42891557,-10.44628693,-11.38247026,5.6816406
1910,1118,600.5,898,804.5,1379.5,2452,2854,2903,3080.5,28.316067,-16.0634854,-16.53624346,-9.538820223,-9.718810349,5.2552414
1845,1295,639,855,936,1283,1971,2302,2337,2448,302.95926,-16.37126254,-16.19590568,-10.58814793,-10.49028056,7.201721
2619,1884,732,986,1221,1524,2098,2327,2391,2559,306.3543,-18.28927318,-17.9203626,-12.02831408,-10.76423465,7.130554
1690,1096,523,725,749,1088,1869,2164,2189,2340,308.85162,-15.06313501,-14.76045771,-9.429635206,-8.89426864,10.279205
2088,1353,591,823,866,1251,2181,2435,2550,2683,313.70908,-16.48936745,-16.14086737,-10.96737206,-10.36774333,8.509247
2373,1606,726,989,1172,1469,2203,2475,2531,2666,316.70667,-18.14242329,-16.80206242,-12.89085264,-11.58844914,8.203705
1650,1088,520,713,695,1032,1929,2237,2281,2417,321.08917,-14.88057795,-15.94454139,-8.723368481,-10.39164861,9.885468
2193,1579.5,755,1063.5,1006,1486,2578,2950.5,3003.5,3100,30.717588,-17.91280661,-16.29358632,-9.223822414,-8.972737644,3.058216
2309,1694.5,816.5,1130,1097,1577,2513,2821.5,2887,2951.5,29.796362,-16.72169169,-17.04045639,-9.800628386,-9.16900351,2.5224857
2614.5,1856,721,1008,959,1485.5,2795.5,3165,3215.5,3428,37.082226,-14.63881848,-12.96074669,-1.393402632,2.960125141,6.9944954
2244.5,1388,514.5,816,600.5,1252.5,2949,3532.5,3535,3762.5,36.728085,-16.15037887,-15.35436918,-7.38948536,-8.626761825,5.388138
2274,1299.5,488.5,741.5,601.5,1245.5,2698,3192.5,3310.5,3445.5,87.242035,-18.59624484,-13.32431062,-11.66522635,-6.418165757,10.803154
2348.5,1538.5,519.5,805.5,616.5,1298,2888.5,3381,3396.5,3605,34.20267,-15.45536808,-15.25575772,-9.384841099,-8.800072871,5.0108147
2441.5,1861,779.5,1021,1062,1483.5,2354,2685,2741,2888.5,29.38628,-13.94722772,-13.69063309,-4.071653023,-8.642071024,5.99671
2775.5,2004,849.5,1097,1373,1693.5,2183,2444.5,2534,2691,195.99501,-19.49135025,-15.06871745,-13.6812029,-9.215275678,6.8304443
2574.5,1971,836,1161.5,1157.5,1670.5,2647.5,2974,2956,3038,25.6151,-13.93653132,-15.14685805,-5.435362927,-8.174843329,11.241825
2479,1675.5,733.5,1043,998,1631.5,2612.5,2943,2918,3151.5,171.62262,-17.09884882,-16.13616428,-11.03156336,-9.387048788,7.476715
2383.5,1457.5,555.5,864.5,703.5,1366,2731,3178,3267,3444,146.5841,-16.51165844,-16.3866828,-11.14863539,-9.262320414,4.589325
1845,1141,485,732,571,1051,2402,2905,3010,3141,-15.032304,-17.0013777,-16.2117651,-10.00786948,-9.759912213,3.6722832
2059.5,1336,552,850,713.5,1336.5,2668,3170.5,3245.5,3342.5,113.812225,-14.14609798,-17.78115892,-7.845537326,-10.85806222,13.599594
2809,1815.5,627.5,991,895.5,1606,3111.5,3492.5,3665.5,3759.5,371.14844,-16.36572635,-14.34612669,-10.47832649,-7.346065652,20.130249
2679,2247.5,1049,1323.5,1343,1750.5,2439,2704,2758.5,2818,4.9509525,-16.93687442,-16.15474456,-8.117356998,-7.709257118,4.4195232
1789,1067,741,1019,856,1340,2349,2824,2586,2895,-12.879036,-15.58480141,-17.25829765,-9.6315518,-10.27137712,15.547374
2021,1211,330,612,532,1026,2450,2828,2913,3060,1221.2949,-15.36671922,-16.00729091,-9.713528831,-9.521637019,4.6453857
2464,1575,602,936,841.5,1446,3173,3724,3761,3949,312.1353,-13.7081777,-15.46391509,-6.584893754,-8.343270337,9.683533
2378,1693,730.5,971.5,967,1398,2303,2635.5,2660.5,2813,-22.67312,-15.77029029,-15.94000193,-9.044708773,-8.473643973,6.17008
2360,1179,509,816,526,1250,3563,4144,4252,4368,22.519888,-14.65988966,-14.58097179,-7.694068218,-5.730522768,3.9029922
1720.5,996,533,821,617,1107,2354,2805,2796,2951.5,-5.0895567,-15.8937147,-16.22865027,-9.280420593,-9.339455896,3.8459034
2285,1281,380.5,723.5,505.5,1296,3096.5,3593,3692,3876,1913.4104,-16.07243113,-13.94236543,-10.35241797,-8.140648156,5.6153564
2344,1583,546,820,807,1283,2594,3043,3142,3189,-10.377888,-16.62232741,-16.14787202,-10.62233051,-9.909270721,3.0532598
2050.5,1127,328,637,402.5,1103.5,3000.5,3498,3608.5,3721,1793.7482,-14.56236289,-15.81814801,-8.920846569,-9.853890171,8.621216
2658.5,1534.5,455,759,593,1272,2984,3579,3690,3829,224.7138,-11.96910042,-20.55977596,-5.206063698,-14.17263193,12.716873
2573,1690.5,594,928,859,1554,2945,3465.5,3747,3776,221.28714,-14.7689554,-14.43160228,-8.883802968,-7.621659633,9.825623
2454,1784,674,949,955,1410,2620,3108,3153,3332,-14.176565,-17.5346624,-15.84259235,-10.65964521,-8.37077491,2.4716873
2627,1839,707,1053,1075,1602,2604,3053,3204,3297,-14.51479,-17.15124824,-16.84006509,-10.13586124,-9.790421501,2.6255264
2638,1965,759,1038,1110,1510,2444,2771,2890,3023,-14.8806715,-15.83047699,-15.04382814,-10.3557742,-10.20765763,3.0974941
2564,1945,773,1023,961,1413,2433,2776,2871,2952,2.1776366,-14.7756113,-12.20843841,-4.693112069,-5.005326875,9.81278
2245.5,1084,361.5,706,373,1220,3819,4673,4734.5,4897,2030.1431,-14.08264517,-17.71363396,-7.35552013,-11.62875545,6.9658203
2509,1738,706,1062,976,1548,2620,2936,3011,3182,-8.061962,-16.2732742,-16.6472237,-9.483053325,-9.386893959,4.6450615
2267,1396,643,942,732,1451,2798,3175,3203,3250,-10.501395,-15.97483419,-14.91357535,-8.455826591,-8.257049717,4.725786
1726,982,646.5,1033,957.5,1455,2491.5,2871.5,2765.5,3031,150.148,-15.87075832,-15.14541223,-10.16808056,-8.712440134,23.415878
1713.5,913,461,761.5,575,1136.5,2773,3257,3309,3359.5,-13.801501,-15.65792413,-16.38681997,-9.452156113,-10.04676525,3.3258634
1865,1092.5,608.5,885,736.5,1256.5,2538.5,2988,2968,3131,-17.449852,-15.63986514,-14.91595094,-8.553368853,-8.910133678,2.6550589
2022,1348,469,739,608,1062,2488,3082,3202,3305,-20.805328,-16.97741546,-16.27380174,-10.0761466,-10.28837231,4.9555893
2410,1726,881,1237,1093,1618,2777.5,3164,3314.5,3390,-13.634533,-16.38708555,-15.66568164,-9.145736338,-4.586341064,6.3165703
2318,1533,636.5,944,820.5,1347,2714.5,3234,3279.5,3443.5,-18.297665,-17.88739253,-16.11187143,-10.91964629,-9.425482803,2.8148232
2700.5,2005,914,1178.5,1214,1671.5,2645.5,3039.5,2997,3194,51.000305,-16.48478413,-17.60047873,-8.746608984,-11.2464642,22.207397
2254.5,1313.5,562.5,855,757,1332,2706,3217,3256,3456.5,35.347977,-14.83808836,-13.98215531,-8.84355652,-6.793754543,8.667
2070.5,1208.5,560,804,579,1254,2948.5,3520,3507.5,3674,-22.379213,-15.26198495,-15.36763411,-8.72467724,-8.145746067,4.5349865
2053,1198.5,652,930,765,1298,2616.5,3109.5,3283.5,3332,-22.394768,-15.61741323,-16.08587515,-8.747493439,-9.087428787,6.673481
2792,2159,860,1156,1217.5,1656,2541.5,2904.5,2994,3073,-16.248194,-17.01746658,-18.50329329,-10.07838176,-10.67662508,4.281967
2294.5,1365.5,529.5,829,654,1370,3069.5,3687.5,3717,3892.5,32.1152,-14.53094306,-14.91175067,-8.365831284,-6.559795405,8.361149
2256.5,1653.5,740,1046.5,1082,1553.5,2506,2916,2891.5,3056,77.03532,-16.8830711,-16.99716371,-10.15332344,-10.83197055,3.1352158
2451,1691,731,998,896,1373,2868,3304,3364,3461,-17.382685,-16.32921461,-17.55462442,-9.58966696,-9.293920325,4.768177
2341,1581,692,1000,878,1479,2920,3445,3542,3621,-18.037228,-14.83818536,-15.37268316,-8.870637359,-8.479018809,3.8357735
2363.5,1544.5,1184.5,1416.5,1305,1910.5,3332,3807.5,3780.5,3951,21.26223,-13.4364292,-14.7166402,-8.377039111,-6.758866232,11.226225
2337.5,1667,695,1007,1004.5,1505.5,2662,3145,3161,3346,19.660181,-16.12234875,-16.36907022,-8.80957753,-10.16341968,3.5896149
1403.5,821,627,860,751,1152,1979.5,2355,2196,2467,3.4419675,-15.80522131,-16.18023005,-9.161519636,-9.075324134,2.676559
2629,1912.5,836.5,1146.5,1108.5,1615.5,2709,3053.5,3048,3232.5,39.517937,-15.24834532,-15.92123108,-9.10945632,-9.946219291,4.234514
2051.5,1188.5,444,720.5,512,1200.5,2737.5,3380,3459,3649,-7.9641485,-15.46595106,-15.85042204,-9.811555132,-9.670798755,4.4694204
2237.5,1517,612.5,883,805,1307,2440,2876.5,2950,3032,475.16037,-16.39846243,-15.37015958,-9.83733482,-8.591786239,15.673279
1793.5,1190,608,799.5,825,1170,1916,2253.5,2244.5,2322,476.46033,-17.82538766,-15.1891132,-10.38845319,-8.724530527,11.791748
1986,1166.5,587,823,665,1188.5,2744,3282.5,3254,3512.5,-15.204319,-15.69351153,-14.90049296,-8.186216803,-8.342599998,9.57135
2357.5,1497.5,515,841.5,735.5,1320,2531,2929.5,2989,3169,916.6741,-18.83109123,-15.46675669,-10.98683452,-9.191931811,11.5043335
2216,1219.5,549,823,671.5,1262.5,2793.5,3432,3439,3809.5,-21.21073,-16.1302898,-15.99047614,-10.72833878,-9.90604303,4.2049427
1950,1352.5,682,936,930.5,1346.5,2172,2499.5,2573.5,2648.5,-21.974983,-15.4580791,-14.00522896,-6.333100463,2.947999471,8.053759
2646,2171.5,850,1102,1119,1551,2372,2674,2692.5,2836,-15.114322,-13.95317544,-12.88788931,-2.170510755,-7.660682111,8.505501
2401,1638,550,837,846,1319,2474,2962,2943,3161,308.9307,-17.06684423,-14.43761261,-11.62234372,-8.360278138,11.782196
2200,1497,557,848,793,1230,2209,2477,2570,2715,289.70773,-15.88244869,-16.76569683,-10.53200461,-9.680785351,3.1569214
2563,1923,797,1102,1159,1545,2470,2823,2959,3024,287.41107,-15.08505663,-15.4801058,-9.228280028,-9.580932298,5.757202
2260,1349,624,900,748,1308,2330,2597,2740,2914,-26.003368,-15.61862606,-17.70477577,-10.74952058,-11.26187142,15.353777
2688.5,2142.5,928,1161.5,1453,1678,2109,2480,2533,2686.5,234.447,-18.39130946,-19.21689302,-10.80184267,-11.29494596,7.910431
1185,745.5,335.5,464.5,404.5,657,1277,1482,1485.5,1575.5,253.19456,-12.92374642,-17.01653035,-6.92548577,-11.88589748,16.400177
1977,917.5,354,566,360.5,875,2682,3209,3246,3439.5,244.99728,-13.24389521,-14.82788302,-7.548473442,-7.817706494,19.942871
1903.5,897.5,338.5,559,339.5,805.5,2492,3046.5,3077,3212,274.03854,-14.32910306,-15.61914387,-7.662707916,-9.279336579,17.43808
2310,1789.5,714,977,1060,1400,2253.5,2538,2580.5,2678,61.106632,-17.58055211,-17.48609117,-9.27738649,-10.24554408,3.6768303
2611.5,1826,763.5,1101,1062,1688,2905,3445.5,3526.5,3697.5,77.80007,-16.51789469,-18.75780783,-9.247455518,-11.93104469,5.6802597
1958,1411,597,842,820,1233,2213,2542,2528,2676,64.38051,-16.31574556,-16.71080259,-9.583843912,-9.732863365,3.3983498
2085.5,1042.5,390,648.5,400.5,1062.5,3168,3904,3836.5,4125,137.56577,-14.13863849,-17.8010994,-8.122592203,-11.95913497,18.210205
1774,945,395,546.5,401,885,2383,2982.5,2939.5,3204.5,348.7878,-14.05198063,-20.40224776,-7.994668249,-13.29873233,24.102905
2162,1084,373.5,670.5,413,1169,3222,3875,3934,4148.5,251.3428,-16.33054009,-15.4746077,-11.04184692,-8.754639691,10.370941
2324,1964.5,809.5,1066,1280.5,1572,2071,2259.5,2307.5,2466,43.83975,-16.80895258,-19.041536,-10.05687746,-11.94237825,8.5937
2504,1828,738,1066,1088,1585,2605,2986,3043,3147,49.868076,-16.09397765,-16.93755217,-9.649062444,-10.18236207,4.997078
2092,1074,380.5,662.5,429,1116,2974.5,3621,3586.5,3856,178.07329,-17.50894317,-10.83144229,-11.54310183,-2.820350107,12.042236
2278,1255.5,411,740,558.5,1290.5,2992,3743,3738.5,4026.5,635.75433,-13.21843636,-15.69921367,-6.946803824,-10.46597931,18.011353
1862.5,952.5,384.5,660.5,425,1083,2920.5,3504.5,3489,3699,154.92824,-17.17362519,-11.61641676,-11.24687106,-4.081874816,18.119217
2407.5,1300,444.5,802,533.5,1336.5,3275,3794,3860.5,4056,106.06545,-15.67029681,-16.17557259,-9.60837358,-10.09978674,8.288849
1973,1268,563,864,772,1286,2489,2888,2970,3054,88.20109,-16.31643324,-15.86816017,-9.158515058,-9.980861891,4.4544525
2223,1126.5,391.5,706.5,435,1193,3052.5,3582,3573,3871,120.82266,-15.93484287,-14.2693482,-9.228506352,-7.937760098,9.561836
2332,1551.5,627,953,975.5,1435,2790.5,3315,3444.5,3524,1455.7424,-15.66652588,-13.78209588,-9.238918852,-7.099800944,5.0393066
2193.5,1209,421,700,509.5,1185.5,2819,3337,3434.5,3641.5,124.87583,-15.74755228,-13.56827253,-10.2742517,-7.22230979,6.334305
2196,1176.5,426,739,523,1199,2916,3421.5,3441.5,3676,137.53969,-15.6160207,-15.23185787,-9.946226711,-9.056757524,9.042923
2269.5,1064,424,749,392,1256,3606,4198,4238,4470,106.41359,-14.90488675,-15.77955791,-8.192175248,-8.487450786,7.4347534
2307,1247,460.5,762,599,1277,3022,3718.5,3691,3990,82.16688,-15.3652279,-15.673206,-7.955265387,-9.517629815,5.5472565
1885,1027.5,528,850,672.5,1314,2752.5,3194,3237,3374,61.01379,-15.36893727,-15.27348112,-10.13237429,-8.210981982,12.013489
1946,1038.5,399.5,668.5,503.5,1089.5,2745,3292.5,3307.5,3522.5,87.53769,-15.34438497,-13.74347853,-9.226443265,-7.732975749,10.153107
2256,1324,406,663.5,510,1037.5,2624,3184.5,3187.5,3518,235.35391,-16.22767837,-16.03467883,-9.29046929,-9.524967223,14.485336
1874,1178,721,1015,946,1422,2325,2737,2746,2932,57.69409,-14.24940948,-16.44414663,-8.613978114,-9.866331715,5.767086
2308,1661,772,1050,1030,1500,2319,2645,2727,2818,45.251316,-16.64799799,-15.41087383,-8.781787521,-7.995828779,3.0039406
1515,880,473,733,691,1173,2305,2631,2677,2790,80.14462,-14.19275667,-16.40059658,-7.713818302,-8.978458762,9.098389
2094,1164,495,800,590,1228,2886,3436,3569,3620,50.635357,-14.43257741,-15.85299899,-8.309401394,-9.528810322,4.9925423
1734,1012,529,794,672,1096,2433,2929,2864,3048,79.256516,-14.40025278,-15.45420224,-7.974730457,-9.064683725,20.520111
1214,568,290,450,309,655,2420,3107,3113,3326,79.21329,-13.87249481,-15.84631679,-8.243187919,-9.35206275,24.21167
2281,1457,667,949,783,1320,2685,3159,3165,3334,45.98841,-14.26771284,-15.55790921,-7.878103337,-8.24931024,12.403278
1693,967,439.5,605.5,460.5,921.5,2570.5,3163.5,3198,3375.5,146.91948,-14.81979943,-14.01039939,-9.105820133,-5.705621187,14.770264
2180,1358,584,885,894,1333,2406,2743,2667,2873,91.59121,-11.12516697,-12.20158939,-1.369215235,-5.559058944,9.221436
1556,886,498,788,657,1152,2096,2386,2494,2612,108.784744,-18.82931165,-15.81011669,-11.53854684,-9.627482696,18.86039
1535,823,411,766,557,1164,2654,3121,3240,3266,62.2815,-17.18164171,-16.68189853,-10.92209654,-9.957289906,6.692192
1705,1002,460,762,648,1209,2578,2951,3038,3092,67.550125,-14.96607544,-16.13192014,-8.878871831,-9.195289237,35.790154
1919,1181,464,716,528,1052,2686,3363,3335,3555,11.759929,-16.26285318,-13.80882732,-10.3351021,-6.890391933,20.037302
1864,985,555,808,583,1116,2593,3158,3182,3440,234.00534,-17.70704498,-15.04292453,-10.55023027,-8.04582956,12.138123
2067,1043.5,365,635,411.5,995,3044,3789.5,3760,4047.5,316.40814,-16.74366074,-8.256589166,-9.865933178,-0.553437496,17.205994
2745,1549,487.5,791.5,684,1347.5,3061,3651.5,3789,4141.5,471.79077,-12.63780121,-16.77610398,-6.013602235,-11.23897655,5.63678
1499.5,821,556.5,901.5,794,1129,1800,2114,2017,2174.5,84.022545,-17.01987205,-15.96613459,-10.90404545,-8.881571764,9.052032
2625.5,1467.5,509,852,620,1314.5,2784.5,3230.5,3384,3634,167.98897,-17.45033248,-15.17716611,-11.21832892,-8.26155455,10.377747
2128,1299,589,865,665,1381,2951,3417,3499,3550,0.13581418,-14.25784637,-14.72065873,-9.116242945,-8.231880746,7.6360426
1710,835.5,284.5,509,313,851.5,2409.5,2924,2966.5,3125.5,76.30652,-16.96560578,-15.36763873,-10.91236084,-9.411266598,16.814735
1685,788.5,248.5,454.5,255.5,758,2547,3099,3173.5,3315,74.86398,-14.36880277,-13.88421395,-7.964830073,-7.597343999,20.124214
2358,1419,483,838,693,1284,3022,3501,3572,3688,56.078777,-16.27166957,-16.50624007,-10.75894938,-10.56868886,8.042553
1865.5,854.5,290.5,530,302.5,829.5,2803,3396,3557,3640.5,74.597595,-16.28816827,-13.1855229,-10.15524259,-6.635800507,22.292892
2417,1389,481,872,646,1324,3077,3522,3502,3719,55.836967,-15.80519521,-17.38488988,-9.204058781,-10.13549558,7.811226
2649.5,1612.5,723,1001,924.5,1463,2859.5,3383.5,3469,3622,243.95183,-15.71954732,-13.19643507,-9.067154306,-6.175591878,7.362549
1857,1117,655,859,715,1155,2244,2650,2683,2867,55.17498,-15.81033684,-13.10973765,-9.578999676,-6.745122768,6.2877502
2350,1260.5,411,712.5,499,1206.5,3130,3657,3778.5,4003,121.677444,-15.7410343,-12.59408606,-9.441856856,-7.72781318,6.3383026
2553.5,1398.5,457.5,820.5,637.5,1359,3268,3727.5,3827,4024,1004.2882,-18.78619998,-11.51975386,-12.59606066,-5.052540541,9.559998
1729,1104,546,773,725,1116,2285,2615,2654,2783,49.057877,-13.8089288,-13.66742393,-7.082740317,-4.603125346,17.245262
1735,956,419,698,544,1121,2624,3068,3199,3216,48.852257,-14.61281634,-15.33851707,-7.926880937,-8.186326339,16.369785
1950.5,1252,574.5,898,771.5,1269.5,2540,2859.5,2915,2998,45.331097,-14.77731425,-16.17592996,-8.812832541,-10.17268984,7.7988205
2132,1089.5,409.5,644,416,1093.5,3190.5,3941.5,3974,4220,101.39297,-16.02961047,-13.78426068,-9.424117755,-7.852962902,17.752243
1965,1083,458,813,636,1240,2823,3394,3301,3476,53.561493,-15.06671135,-16.36393403,-9.056969527,-9.548945233,5.7961235
2517.5,1353.5,421,713.5,477.5,1179,3184.5,3839.5,3767.5,4155.5,298.72382,-16.14628578,-15.15896333,-10.88308779,-9.336481353,19.889435
2329.5,1203,460.5,791.5,482,1253,3226.5,3792.5,3825.5,4111.5,59.742825,-15.27329054,-14.86241418,-9.578924979,-9.387140849,5.3689613
1473,782,340,566,392,862,2268,2846,2918,2920,51.00714,-16.45099467,-13.43232233,-10.91681884,-7.991860755,15.155354
2311,1633,842,1140,1096,1626,2757,3058,3046,3155,53.853558,-15.51505482,-14.96705506,-9.063416875,-8.23960685,3.0509033
2140,1247,513,863,653,1252,2655,3182,3251,3402,53.74905,-17.45975938,-15.53993052,-11.15377061,-9.725711204,2.7020721
1532,885,531,843,802,1268,2357,2632,2677,2844,53.498653,-16.54809864,-16.37122296,-9.718701586,-8.300172221,16.18546
1863,809,282,532,272,884,3094,3853,3881,4071,97.445526,-14.73969755,-13.70056614,-8.597018015,-7.202133787,34.85334
1900,1249,543,780,748,1177,2370,2673,2660,2841,54.27945,-15.50494137,-14.16966802,-7.662404176,-6.631922355,3.213276
2044,1078,379,714,469,1208,3097,3687,3680,3906,54.154087,-15.40677742,-14.39272307,-8.982579257,-8.008481255,2.6346512
2609.5,1377.5,460,900,528.5,1528,3493.5,4048.5,4133,4358.5,666.9623,-22.18322097,-9.774254006,-15.35088054,-4.912364765,13.205872
2025,944.5,370.5,615.5,340.5,1027.5,3465,4234,4408.5,4541.5,132.82152,-13.48888924,-18.00364419,-5.691676223,-11.93062012,16.165771
2560.5,1335,465,889,547,1465.5,3533,4095.5,4109.5,4359,606.68665,-18.61029616,-11.39939796,-12.43296066,-4.7669523,14.175537
2362,1205,396,720.5,447,1202.5,3483.5,4227,4340,4504,572.09216,-20.01099162,-11.89917042,-13.84244999,-6.103583511,12.020996
1512,970,587,891,845,1304,2098,2368,2410,2512,46.87431,-15.10811405,-15.05443099,-9.135351292,-8.902260733,12.319923
1654,907,592,829,662,1154,2411,2796,2652,2980,-12.26092,-16.41343914,-17.81817244,-10.52694625,-11.26874012,4.198531
2579,1591,504,821,703.5,1347,2770.5,3246.5,3372,3464.5,590.8049,-15.11406262,-14.50785373,-10.46667012,-7.837707095,16.741272
2392,1457,473.5,771,646.5,1212.5,2516,2919,3087,3171,636.87,-12.63344639,-18.59178789,-5.514730357,-12.47832643,9.539001
1976,1067,512,746,616,1166,2569,3086,3007,3302,78.87927,-16.30342199,-15.60309025,-9.894675967,-7.379098819,3.315422
2269.5,1292.5,475,813,604.5,1269.5,2883,3406.5,3400,3629.5,680.84717,-10.74219365,-18.7355948,-4.829796714,-11.40826717,7.520569
2175,1391.5,549.5,835,704,1246.5,2905.5,3478,3542.5,3663,964.59784,-13.98335082,-17.41237995,-7.73785189,-11.8434135,13.267456
2020.5,1028.5,410.5,653.5,385,1127.5,3260,3925,3984.5,4187,72.189705,-12.0053543,-17.14501639,-5.622098917,-10.52563634,10.616539
2023,1248,560,787,604,1143,2574,3149,3135,3292,87.38373,-15.98799612,-13.97836458,-10.0678622,-7.404918568,2.2224808
2351.5,1272,453,812,523.5,1259,3218,3788,3938.5,4066,687.84424,-7.606271459,-19.90775058,0.782611887,-14.1781795,13.834106
1843,1080,467,767,636,1226,2659,3163,3184,3223,44.346527,-14.86075787,-14.60274746,-8.833521865,-7.971319151,11.401649
2427.5,1596.5,504.5,801,749.5,1291.5,2776,3261,3365.5,3461,965.15155,-16.90794855,-17.80862549,-9.695096806,-11.5197989,3.9151611
1922.5,1285.5,577.5,863,804,1233,2153,2410,2499.5,2600,41.232967,-16.28920512,-15.79273328,-10.13523401,-10.38750471,12.436207
2564,1543,595,916,813,1468,2735,3186,3339,3423,83.83083,-15.16826463,-13.48123684,-9.801056663,-8.416104795,32.590996
2279.5,1436.5,501.5,798.5,706.5,1267.5,2368,2771.5,2688,2980,43.966713,-15.42120688,-15.21005453,-10.08287879,-9.590843043,4.3629646
2138.5,1223.5,447,830,549.5,1327.5,2906.5,3349.5,3374.5,3550.5,42.6548,-15.13038454,-16.04856137,-9.721641759,-10.24901706,4.1977043
2359,1621,558.5,863.5,896.5,1339,2409.5,2715,2822.5,2941.5,1183.6986,-14.30354006,-18.5480513,-6.456429405,-12.42793545,6.3206787
1766.5,1147,586,870.5,829.5,1320.5,2432,2802.5,2751,2847,36.183796,-16.07495706,-16.38998569,-7.480347174,-10.20546792,8.47126
2262,1474,498.5,795.5,831,1333,2709,3279,3310.5,3407.5,34.09176,-14.44219455,-13.46064431,-9.046013837,-7.820753879,14.759285
1662,970,485,830,632,1345,2359,2721,2727,2858,450.63617,-17.18736312,-15.72408355,-10.11167147,-9.391913457,21.864594
1872,1073,461.5,729.5,607.5,1166,2561.5,3038.5,2984.5,3234.5,33.642372,-15.0376791,-14.89848167,-8.508099184,-8.671655919,12.152473
1698,960,537,838,744,1294,2544,3034,2962,3152,30.261282,-16.24996527,-15.71193597,-9.605965376,-9.231972953,25.90939
1765,1027,525,809,699,1180,2136,2441,2509,2635,40.95981,-16.61427021,-16.29877105,-9.334850268,-9.437417084,13.907879
1843,1122.5,520.5,802.5,724,1254,2502,2850.5,2869.5,2970.5,33.059322,-15.20901231,-13.84024001,-9.683248682,-8.548571478,11.683945
2303,1485,628,913,842,1352,2792,3207,3308,3468,341.39255,-16.8557888,-17.21829104,-10.09356468,-12.22694046,15.263123
2277,1421,593,936,947,1404,2823,3280,3342,3466,308.12933,-14.84912229,-18.94461636,-7.217981231,-13.60911192,18.123688
2095,988,482,686,401,937,3013,3720,3674,4020,17.788925,-15.1049074,-14.04139092,-10.1606466,-6.767191021,12.80888
1492,846,519,808,724,1203,2182,2445,2498,2723,30.15612,-16.45206297,-16.02202834,-9.231962807,-10.04909436,6.9590225
1796,1026.5,602.5,893,829,1251.5,2191,2519,2539.5,2739,91.277145,-16.53951724,-17.62341098,-9.420982462,-11.26625662,17.590424
1967,1382,641,890,816,1267,2367,2728,2687,2812,29.869831,-11.11327687,-13.72428779,-2.050149535,-4.681495638,7.470331
1574,919,548,762,523,996,2273,2698,2660,2779,-24.86575,-16.09256194,-17.27640464,-10.30548676,-10.42349936,17.979195
1660.5,955.5,548,821.5,670,1166,2260,2589,2671,2795.5,56.176254,-17.63189211,-16.14553944,-10.1586704,-9.440793906,20.329819
1610,783,344,651,433,968,2772,3572,3502,3732,28.019918,-14.80606371,-13.91932411,-9.226988744,-7.320797768,14.378094
1665,983,421,618,455,982,2325,2731,2590,2814,35.20968,-16.70350781,-15.63072461,-9.676329457,-9.778567162,2.5019836
1722,1036,567.5,803,656.5,1143.5,2187,2574.5,2555,2714,57.425945,-14.62163323,-15.97122674,-8.229656387,-8.199894108,10.799458
2431,1341.5,423,742,597.5,1251.5,3290.5,3969,4036,4222,246.31529,-13.44625019,-16.60418783,-7.69668455,-9.844724262,12.004486
1897,1344,624,867,866,1224,2180,2486,2504,2586,27.855509,-14.31372429,-12.82640304,-7.255087983,-7.659109645,13.388283
1916,1064,471,713,522,1119,2878,3519,3580,3795,-23.914871,-13.62549916,-14.60294024,-7.938688896,-8.871656763,10.553019
2058,1402,611,902,801,1382,2486,2795,2756,2927,36.56054,-15.04336467,-13.88631143,-7.288757155,-7.771714062,9.824406
1775,1004,451,740,536,1064,2697,3140,3110,3354,25.663555,-13.20586733,-14.62578878,-7.235397485,-9.218137691,13.521858
1655,1007,610,925,848,1327,2337,2542,2676,2679,25.602764,-16.03525594,-15.45939951,-8.971400714,-8.874513228,6.518589
1737,1124,587,887,750,1276,2419,2846,2940,2975,25.522907,-14.90526362,-15.45186405,-7.253343203,-8.91370143,7.1992855
1527,1071,640,892,879,1292,2104,2383,2368,2488,33.395863,-16.00115779,-16.68116433,-9.18198029,-9.545092276,7.5862045
1813.5,953.5,376,641.5,451,1014,2526.5,3105.5,3274.5,3307,346.12378,-17.00329557,-12.49158797,-10.82435493,-6.367104962,25.231964
2283.5,1373,485.5,795,715,1235.5,2835.5,3250,3316.5,3482,717.08795,-16.39896571,-15.44075891,-9.835859992,-9.076946169,5.8235474
2260,1293,615,867,604,1287,3467,4047,4066,4169,5.346134,-16.62744079,-14.04281866,-10.15536461,-7.004266831,23.375078
1577,905,548,836,731,1237,2247,2583,2536,2646,21.656055,-16.48890432,-16.483898,-10.30845689,-10.50612557,9.272316
2095,1205,473,758,564,1226,2888,3315,3395,3485,26.009157,-15.41982985,-15.23064671,-8.838285751,-9.252244865,3.1990395
1552,885,509,760,662,1144,2422,2846,2842,2989,22.181185,-15.11337397,-13.57061887,-8.603253235,-7.174160012,11.230066
1163,680,447,641,533,896,1515,1725,1644,1779,26.380684,-15.82835997,-14.81240166,-10.15055261,-7.93721219,12.439962
2326,1482,555.5,803.5,686,1248,2848.5,3390.5,3483,3631,36.25912,-16.00853085,-12.09665105,-8.519971425,-6.489164822,13.928097
1599,981,493,723,644,1108,2154,2582,2579,2663,25.916897,-16.26904864,-15.23930189,-10.12169631,-9.267069808,8.734388
1601,844,555,823,708,1242,2385,2802,2826,2852,23.077917,-15.34190246,-14.21815487,-9.357222239,-7.928600645,11.099638
2037,1306,523,808,667,1289,2670,3108,3288,3245,20.345854,-14.81535728,-15.95295678,-8.778799614,-10.39618638,11.920671
2414.5,1365,570,809.5,690,1241,2764,3280,3405.5,3521,290.10938,-8.997581011,-21.41699696,-0.038606566,-15.27822527,14.126923
2101,1106.5,407.5,654.5,404.5,1055.5,3291,3838,3932,4129,-9.241646,-14.1055598,-13.76701679,-8.310969533,-7.68705058,11.583565
2318.5,1152,496.5,767.5,510.5,1180.5,3011.5,3612.5,3645.5,3847,299.5143,-9.424383828,-19.72475424,-0.941748977,-13.62817469,15.923065
2458.5,1258.5,498,789,553.5,1285.5,3270.5,3964.5,4041,4225,299.24277,-11.22173673,-15.60670857,-4.525168629,-10.48424633,11.81842
2697,2086,779.5,1063.5,1026.5,1528,2764.5,3129,3288.5,3346,622.3017,-14.10970773,-14.73776097,-6.686528932,-5.482585349,9.983582
3155.5,2098,817,1142,1082.5,1712,2822.5,3207,3318,3565.5,308.85605,-16.0342647,-17.018874,-8.284110937,-10.90137126,10.971863
2344,1431,535,816.5,730,1289.5,2909.5,3484.5,3657,3754,309.15756,-14.36218214,-16.13136553,-8.166241325,-8.486029495,12.508575
1863.5,910,363,563,377,914.5,2562.5,3191.5,3256.5,3411.5,295.71838,-12.32625178,-15.61996447,-5.478553901,-9.07720368,15.614044
1782,843.5,339,534.5,347.5,862.5,2460.5,3103,3171.5,3338.5,320.3215,-11.92821611,-17.32882547,-5.093625741,-10.82514463,22.346954
2015,1009,365,619.5,410,980,2813.5,3392.5,3506,3646.5,265.27515,-19.40501681,-11.83244391,-12.34586405,-5.166659505,27.265244
1912,1078,391,592,500,927.5,2563,3211.5,3358.5,3361.5,658.71,-15.8688721,-14.53323101,-8.940827119,-9.019074145,14.728027
2420.5,1356,538,875.5,686.5,1370,2795.5,3238,3285,3454.5,379.11478,-14.10348027,-16.0296935,-7.396179824,-9.471636312,16.23996
2180,1265.5,508,772,593.5,1163.5,2915,3462.5,3515.5,3728,-8.533367,-14.27388868,-14.39103121,-7.367826995,-5.835516633,5.3967886
2166.5,1305.5,420.5,648.5,642,1097,2599.5,3219.5,3272,3422.5,614.43774,-15.25847929,-14.40433917,-9.060779161,-8.002635499,14.555054
1557,784,436,727,549,983,2708,3062,3121,3308,16.11568,-14.29315855,-15.63608321,-8.043434565,-8.114704991,10.314114
2085.5,1224.5,662.5,986.5,957,1372,2668.5,3015,3107,3247.5,507.7848,-21.23251589,-14.8945943,-13.84921352,-8.059414115,22.016235
1993,949.5,315,528,306,855,2944,3735.5,3846,3933,451.1769,-20.6592183,-14.34369778,-14.58070699,-7.694813099,32.38748
2215.5,1329.5,595,912.5,885.5,1358.5,2630.5,3091.5,3197.5,3327.5,504.08145,-17.15798744,-17.06303412,-10.17468721,-10.41157908,12.905579
1811,1007,490,712,531,1093,2589,3073,3116,3308,-26.996996,-15.35456277,-15.22196208,-9.968074598,-9.566086558,20.493761
2135,1116,369.5,560.5,444,928.5,2518,3121,3191.5,3379,514.3821,-12.90095587,-19.13171421,-5.169743778,-13.05919035,22.11853
1814,1115,430,642,527,997,2400,2836,2956,2969,17.811474,-14.71381338,-14.74995848,-8.521314482,-7.004391514,7.840561
1714,1008,478,704,603,1026,2492,3005,2968,3107,17.67425,-14.30298777,-15.2631033,-6.758050234,-8.917679341,8.061834
1924,1011,404,628,450,1010,3018,3550,3585,3837,-13.632873,-15.11787502,-14.99121338,-8.604843436,-5.60026409,15.656216
2555,1657,614.5,969.5,896.5,1474.5,2870.5,3295.5,3303,3507,455.78696,-11.33150049,-17.07057613,-4.189075113,-11.52504519,12.577423
2106,1354,515,778,685,1218,2301,2617,2676,2875,-24.621403,-15.90946372,-14.67597493,-8.782103864,-8.163763141,16.05942
2694.5,2219.5,847,1156.5,1103,1608,2776,3182,3322.5,3313.5,526.1487,-12.34708486,-12.76135214,-6.30799957,-5.402094432,8.384766
2724.5,2068,887.5,1220,1335.5,1750.5,2808.5,3145,3231,3395,538.1388,-13.69701042,-15.49747542,-6.105332386,-2.588996652,11.0252075
2185.5,1345.5,580.5,887,782.5,1251,2422.5,2884.5,2874.5,3044,412.70975,-19.57506404,-13.24481997,-13.10508674,-7.733983566,25.20874
2432,1473,466,740.5,673.5,1181.5,2831.5,3426,3538,3633,489.9089,-14.61315098,-14.77212341,-7.151185841,-8.225736997,14.816772
2361,1295,492.5,827.5,625,1295.5,2875,3443,3559,3700,363.20374,-18.03981458,-12.10311764,-11.62623619,-4.675166682,18.529114
2091,1455.5,685,926,953.5,1239.5,1774,2039,2026,2177,320.19626,-15.26861181,-17.57935855,-7.524805115,-10.97669731,27.422668
2043,1075.5,440,695,530,1041,2922,3730,3772,4031.5,303.1603,-13.1378675,-14.23138927,-6.240809987,-8.545817259,19.312592
3002,2364.5,1117.5,1500,1711,1996,2741,2973.5,3028.5,3132,413.17453,-12.65195736,-18.39516876,-4.240366302,-12.16266965,20.82138
2333,1256,427,741.5,537.5,1152,2857,3317,3677.5,3676.5,458.05975,-10.75036501,-17.84301075,-2.252519191,-10.89215965,21.81958
2655.5,1829.5,706,991.5,1044,1479.5,3003,3547.5,3563.5,3734,483.1922,-9.750760938,-18.4431822,-0.455262119,-12.55862755,8.1311035
1825.5,984.5,351,610,418.5,1024,3108,3796,3798,3973,-11.236044,-15.26987451,-14.17224259,-8.626394575,-7.752440017,14.249699
2379,1311.5,392,732.5,500.5,1217.5,2926,3399,3513,3668.5,570.41504,-16.057542,-14.27479424,-9.930550284,-6.792430557,25.126526
2888,2542,1671,1247,1086,1211,1697,2464,2677,2871,2.192315,-13.70223694,-13.72192971,-9.290366171,-9.432712057,13.017915
2265,1296.5,464.5,704.5,601,1101.5,2862,3587.5,3787,3866.5,706.1162,-14.96426448,-16.18893452,-8.180736897,-9.265269579,18.654114
1314.5,744,482,715.5,591,1052,2054.5,2387.5,2524.5,2480.5,-15.681389,-13.41228857,-19.39241665,-7.410623548,-13.37741928,20.421894
2845,2170.5,843.5,1146.5,1374.5,1765.5,2609,2970.5,3011,3144,308.83493,-17.86605007,-13.56813316,-12.88350012,-8.737734352,7.3046875
2805.5,2259,889.5,1191.5,1457,1777,2404,2743.5,2760.5,2887,248.4345,-16.50706342,-18.22874236,-5.995846215,-12.8550472,8.409119
2586.5,1896,676,970.5,1068.5,1576.5,2645,2990.5,3091,3176.5,246.90228,-16.9452149,-15.09343459,-9.747984286,-9.119928147,9.197754
2839,2180.5,896,1251,1373,1833,2576,2829,2975.5,3030.5,243.07944,-13.55556704,-18.45366188,-4.753597083,-12.31952943,8.183411
2182.5,1106.5,403,659.5,448,1104,2915.5,3427,3560.5,3687.5,492.17706,-15.74032629,-15.70903292,-8.773126189,-8.77997053,24.774323
2089,1037.5,411,649,436.5,1033,2829.5,3402,3388.5,3636,476.26392,-14.71562423,-15.09879899,-8.664737633,-8.783357464,25.655151
2449.5,1167.5,438,737,441,1233,3359.5,4082.5,4190.5,4443.5,698.72156,-9.409954572,-17.1458911,-2.697756374,-11.08814421,28.970093
1681,913,443,716,530,1166,2702,3125,3281,3412,-2.1007965,-15.67809795,-15.90537661,-8.646665152,-9.312195435,5.142592
2281,1096,426,716,471,1099.5,3094.5,3655.5,3748.5,3908,410.52853,-16.46562714,-12.90580537,-10.12184011,-6.882660273,18.845459
2000.5,1029,394.5,624.5,423,1009.5,2894,3423.5,3483,3770.5,369.762,-15.06610314,-17.72462043,-8.392235289,-9.814509215,22.92871
2122.5,1064,399.5,646.5,427.5,1059.5,2940.5,3589.5,3679,3837,363.65268,-18.40528471,-13.46235667,-11.51106886,-6.473633506,27.14981
2563.5,1939,771,1129,1229,1738.5,2814.5,3184.5,3302.5,3427,298.0479,-18.16001121,-16.81104274,-11.69781929,-10.47431808,11.488586
2599,1371.5,542,873.5,589,1357.5,3132.5,3648,3739.5,3769.5,627.9644,-9.082964555,-19.95414959,-2.261603989,-12.28241763,18.829956
2364,1413,485.5,811,640,1318.5,3042.5,3569,3663,3836,278.64008,-15.11960583,-16.52883089,-8.428701883,-10.35706988,7.992401
2530,1394,526.5,809.5,584.5,1257.5,2846,3332.5,3369.5,3568.5,593.15857,-9.985740187,-19.0197525,-2.655465268,-12.91822864,16.200562
2384.5,1543,675,968.5,830,1405,2380,2604.5,2671.5,2767,257.67685,-18.36299548,-11.82109115,-11.46172118,-6.753044309,6.7545776
1839,1177,532,801,668,1204,2442,2846,2908,3029,-4.07468,-15.85851356,-15.26144951,-9.724578602,-8.783667043,10.687138
2550,1658,540.5,872.5,796.5,1409.5,2935.5,3462,3542,3638,256.48322,-15.85662666,-15.88820105,-10.20035993,-10.16673261,5.247345
2755,1975,810.5,1127.5,1277,1688,2778.5,3152,3265.5,3368,641.51447,-16.60413924,-19.0176863,-8.635135642,-12.19452519,13.262268
2132.5,1076,394,593.5,417.5,998,2758,3413,3442.5,3640,616.54895,-15.40992376,-14.26938729,-9.083977871,-7.487139613,19.031006
2171,1143,421,702.5,484.5,1120,2885.5,3397.5,3548,3646,595.49475,-13.03081959,-16.27559076,-6.602977075,-10.42173341,19.58319
1745,980,443,704,514,1046,2917,3486,3384,3545,-7.418983,-15.12654819,-14.95997783,-9.296912872,-8.431562763,9.896938
2164.5,1086,410.5,658,453,1024,2901.5,3486,3569,3689,561.281,-13.08036332,-15.3260444,-7.299500537,-10.189651,19.874573
1873,1466,655,871,907,1278,2138,2425,2530,2674,-6.2365055,-9.919490708,-13.26609213,-3.054849605,-8.940318797,6.7243323
1408,724,364,539,413,802,2399,2957,3024,3100,-5.7879477,-12.3200685,-15.88600513,-7.046447152,-10.96907586,13.172948
2176,1040.5,405.5,668,436,1082.5,3088,3680.5,3689.5,3903.5,510.17972,-15.5168182,-15.17651565,-8.99021903,-8.840790534,18.223846
2140.5,1078,407,651,436,1032,3046.5,3610.5,3664,3816.5,494.67914,-15.24740997,-14.70528324,-8.60770805,-8.754489683,16.629425
2873,2325.5,847,1110,1308.5,1660.5,2667,2956,3113.5,3195.5,236.39114,-16.19906682,-19.79104194,-9.882647256,-12.93738065,5.960449
2252.5,1086,423.5,690.5,454.5,1099.5,3175,3864.5,3929.5,4085,473.02002,-16.0409184,-15.46321443,-9.36749521,-8.43359917,18.034271
2288,1286.5,472.5,763,600,1198,3023,3584,3720,3793,449.9166,-14.27888083,-16.66496665,-7.59138778,-10.34335433,14.270752
2938,2201,814.5,1107.5,1358,1678,2644,2953,3063,3221.5,432.9502,-16.44940768,-16.9156294,-9.675918294,-11.98288057,10.940491
2301,1342.5,507.5,764.5,675.5,1247,2332,2708,2814.5,3001.5,-20.008434,-15.10555851,-16.50431576,-10.09531383,-10.60526763,6.314905
2386,1325,463,743.5,560.5,1263,2940.5,3446.5,3478.5,3640,422.45282,-15.14135117,-14.28579156,-8.656483102,-8.272310029,9.457001
2839,2102,885.5,1283,1468.5,1897.5,2838.5,3139.5,3118.5,3306.5,383.9857,-18.22016988,-16.63217924,-10.59385737,-10.59156968,11.458954
2561,1524,521,848,686,1343,3029,3495.5,3584.5,3711,357.96124,-17.54801376,-15.89494036,-10.99598584,-8.944524087,13.111481
2244.5,1222.5,485,746.5,656,1173,2357.5,2712.5,2801.5,2935.5,-19.517653,-15.60730776,-15.88789828,-9.467097183,-9.021077002,4.6128387
1925,977,400,735,409,1202,3421,4029,4180,4279,-15.8422985,-13.97846519,-15.4235946,-7.777687234,-8.435417309,5.1382513
2093,1323,637,878,827,1175,2545,2939,2804,3139,-10.960036,-15.51006649,-15.08842294,-8.437260993,-7.809181139,12.527376
1840,1008,424,628,584,1071,2520,2996,2998,3200,-18.637539,-13.82718725,-14.86188241,-6.591697796,-8.057224205,7.4962606
1797,953,404,615,485,953,2622,3345,3337,3517,-17.660675,-13.73929238,-14.38468389,11.84761303,-7.950403049,11.142079
1845,1073,455,737,528,1133,2861,3328,3419,3540,-17.238367,-14.74703049,-14.07109543,-6.899323078,-7.846668977,10.935052
1430,757,382,604,427,893,2516,2924,2933,2995,-12.602569,-14.90391893,-14.25240879,-8.405776718,-7.657466478,10.88073
1677,895,544,860,748,1372,2749,3166,3139,3443,-10.608152,-17.12194988,-15.16921416,-10.21793509,-7.905534105,17.026949
1793,1009,567,835,696,1276,2352,2691,2683,2960,-12.976074,-16.16805431,-16.12580801,-8.540241325,-9.343068331,11.463226
2521.666667,1415.666667,500,769.5,642.3333333,1212.5,2404.5,2820.666667,2915,3101,793.7584,-9.561840246,-21.18445004,-2.802006935,-15.04357755,10.94165
1594,843,431,681,534,1050,2384,2874,2855,3067,-14.302497,-14.79216996,-16.84307871,-9.683669593,-11.84188993,5.7062883
2185,1555.5,578,805,801,1213.5,2030,2322.5,2377,2488.5,314.33047,-18.00855452,-12.45834398,-11.99712509,-6.203955833,10.64679
2467,1574,482,739.3333333,678,1196.666667,2264.666667,2675,2717,2955,752.3867,-15.52256393,-16.50885063,-9.326700711,-10.12103395,9.978394
2202,1690.5,677.5,920.5,946.5,1325.5,1992,2255,2258,2404,355.12628,-16.85466479,-17.27586746,-10.4544214,-9.661445554,9.238068
1759,877,423,712,567,1133,3040,3831,3780,3946,-20.493238,-13.94218887,-16.23679119,-7.142744574,-10.18561989,10.734473
2056,1023,312.25,600.75,355,983,2758.5,3270,3316,3493,955.9836,-16.24459131,-13.89193731,-9.687244625,-7.182886854,8.768372
2262.8,1274.5,394.2222222,678.8,539.8,1102,2488,2820.5,2975,3059.5,982.26624,-13.32739048,-16.29508443,-6.984972673,-10.28159647,10.473755
2573,1733,701.5,933,1020,1395,2579.5,3034.5,3115.5,3259,518.1238,-17.16693831,-12.33366696,-11.19262469,-5.055228537,12.1475525
1640,801,381,616,428,916,2586,3102,3172,3241,-13.573152,-13.57173105,-14.18324407,-7.904684202,-8.468857289,8.002935
1947.5,1223,622.5,934,740.5,1279,2741,3288.5,3359.5,3448,134.07869,-14.50635127,-14.42594208,-8.003019361,-8.403516733,3.0167847
2152,1147.666667,335.8947368,582.9,430.2222222,1007.636364,2580,3061.5,3184,3302,1065.2391,-14.20076388,-14.61509772,-8.273871161,-8.668916705,14.272705
2754.5,2203,906,1231,1505,1841,2584,2948.5,3095.5,3200,534.9587,-15.93999064,-20.74111015,-8.986532626,-15.24372432,12.484741
2461,1586,696,1041,1116,1527,2729,3100,3173,3284,354.6425,-13.95726257,-20.78805255,-7.056928593,-13.6229246,4.5009155
2539,1562,582,984,891,1502,2959,3282,3374,3556,364.17773,-12.86630118,-19.81353387,-5.958866088,-12.6146215,21.749847
1895,984,332.4705882,559,400.4444444,871.5714286,2280,2697,2744,2863.666667,1089.5536,-14.85917399,-14.80276544,-7.793562443,-8.986918622,7.6812744
2100,1384,566,780,699,1211,2658,3017,3081,3192,-20.780804,-14.05850191,-14.11013546,-8.830457938,-1.928308431,17.308235
1870,1007,331.7368421,553.1,398.0588235,868,2171.5,2567,2687,2766,1092.952,-13.27947262,-15.56757472,-7.749855552,-10.92445686,9.131592
2078,1125.666667,367.4,624.3333333,459.9166667,1032,2406,2794,2929,3085,1111.7175,-14.04653344,-15.08371698,-8.151973523,-8.963563329,5.6450195
2002.75,1071,366.8571429,620.75,462.3571429,1041,2395,2758.666667,2851,2964,1130.3951,-14.63129526,-14.06161193,-8.665614473,-8.449764587,6.494873
2595.5,1596,692.5,1060,974.5,1568,2955.5,3385,3461,3664.5,448.63107,-15.07216538,-18.25476433,-9.280950433,-13.17855605,13.669769
2206,1230,435.1,717.3,522.75,1148,2577.25,2988,3081,3189,1160.8693,-16.06400183,-14.91330704,-9.68934157,-8.119781712,8.4001465
2068,1008.5,433.5,678,464.5,1023.5,3030,3773.5,3826.5,3986,428.15494,-14.4077597,-14.89146278,-8.229987772,-9.904599801,19.298767
2053,1097,350.6666667,590.2222222,456.875,959,2542.6,2901,3055,3169,1202.7534,-15.32779481,-12.66155009,-9.379510295,-7.393423773,10.307373
2262,1114,467,761.5,503,1195,3146.5,3714.5,3812.5,3927.5,410.48386,-16.40573908,-13.9346076,-10.09086966,-7.673031424,17.217133
1540,802,417,629,445,869,2389,2970,3031,3055,-16.596619,-15.60568292,-15.4907974,-8.820287347,-9.905009181,2.9913416
1608,767,366,595,371,882,2537,3177,3210,3482,-21.162838,-14.82186855,-13.43595243,-9.271709632,-7.786562903,9.512182
1955,979,321,588,383,966,2876,3471,3423,3739,-14.476393,-14.91915984,-13.45790989,-8.681493407,-7.607485429,11.494777
2303,1180,476,825.5,524.5,1336.5,3069,3549.5,3685.5,3810.5,307.79553,-19.74895926,-10.22248759,-13.34195897,-3.629683704,18.820984
2281,1163,432.5,745.5,489.5,1224,2876,3397,3501.5,3636.5,298.32822,-16.60911578,-12.27319972,-10.26177273,-5.307026718,13.907074
2435,1538,535,822,740,1244,2526,3045,3081,3211,423.12372,-16.04535771,-13.59468689,-8.882302015,-6.989037507,12.974823
2384.5,1837,708,947,1107,1406,2434.5,2810,2865.5,3044.5,275.4853,-15.80685908,-17.62386708,-9.052543365,-11.73999055,20.417908
2147,1517,693,964,917,1410,2379,2709,2625,2902,-19.313114,-15.80926468,-17.12505824,-8.687078285,-8.83455773,6.4431677
2213,1603,526,872,867,1370,2375,2664,2653,2833,434.1366,-16.06732277,-14.14032471,-9.605486068,-8.84504949,12.6154785
2221,1391,443,729,656,1173,2411,2713,2740,2949,483.19693,-16.40083264,-13.73705096,-9.802515226,-6.991708252,8.539429
2176,1356,631.5,916,759,1337.5,2670,3163.5,3119.5,3329.5,210.97101,-15.37938935,-17.78797133,-7.58543435,-12.05213145,17.123306
1803,975,449,696,515,1062,2896,3392,3434,3563,-18.719187,-14.36408391,-14.66419416,-8.785345038,-7.881202908,11.903777
1799,872,333,552,350,883,2814,3385,3418,3643,-19.077559,-15.72974203,-13.24334472,-9.833575469,-6.492338683,10.25819
1988,1176,343,601,421,932,2212,2549,2624,2770,511.3706,-15.9498075,-14.13045969,-10.61270399,-8.150723402,8.542236
1736,990,425,673,470,996,2438,3149,3253,3281,-21.475664,-13.74687838,-13.99827077,-8.922305483,-7.569510664,13.653943
1668,1017,552,764,663,1117,2272,2574,2628,2699,-20.672976,-12.56888246,-14.86322617,-7.653613296,-8.796317644,10.423628
2026,1099,360,598,517,994,2486,3003,3063,3210,463.1743,-14.41400702,-15.90430701,-6.784567204,-10.79641199,12.975037
1966.5,1280.5,543,846.5,692,1231.5,2332,2701,2716,2847,207.13942,-19.16369366,-16.41155281,-10.79842188,-9.720926578,4.0343475
2027,1191,509,771,622,1220,2721,3005,3010,3117,-22.619963,-15.59844756,-13.52421502,-9.258577143,-7.523650641,10.2330885
2290,1493.5,559.5,824,773,1265.5,2385,2782.5,2822,2990,225.42036,-16.23258542,-12.0557015,-9.629954596,-6.075365569,12.584061
1734,949,426,628,502,1034,2566,3022,3039,3226,-24.48512,-14.51031617,-13.92025704,-9.706500618,-8.809163158,8.816624
1972,981,354,584,369,899,2966,3554,3662,3836,-17.078865,-16.34375938,-12.59605285,-10.68699947,-5.76010198,20.625774
1831,1027,422,721,566,1114,2572,3227,3237,3467,-23.80848,-14.86224953,-15.27659713,-8.750758072,-8.761789944,9.994716
1994,1114,389,617,441,1061,2256,2601,2582,2862,-23.170113,-14.35329787,-16.4821423,-10.07648496,-11.21816844,9.427483
1939,1246,601,859,749,1232,2533,2960,2985,3196,-22.63389,-14.56776666,-14.5540167,-8.700253327,-6.795849291,12.273883
1388,630,321,493,359,730,2221,2881,2793,3116,-22.203823,-13.89297142,-13.68576578,-8.296678105,-8.265263303,15.562566
1477,764,364,576,427,878,2452,2955,3071,3134,-22.106096,-14.76744465,-14.49888845,-8.417936387,-8.276183325,13.113491
1881.5,1002.5,435,667.5,496,1039,2389.5,2828.5,2873,3053.5,428.03247,-15.50658192,-13.36322472,-10.48582002,-8.117264143,13.816376
1681,832,360,626,369,982,2929,3575,3591,3716,-20.37923,-16.87553366,-12.87737388,-10.59385285,-7.031822044,5.9971657
1726,815,359,646,375,1008,3049,3729,3748,4007,-21.06151,-15.35953904,-15.00707697,-10.07058353,-8.420328862,4.565258
1522,730,346,531,355,765,2413,3092,3227,3384,-16.716118,-14.98256846,-13.45689636,-9.663815267,-7.150314966,7.3570137
1720,911,415,665,552,997,2848,3571,3579,3862,-22.210474,-18.29977711,-12.75426688,-12.60613483,-6.980350848,6.7944565
2238.5,1156,399,667.5,459.5,1145,2980.5,3489.5,3631,3835.5,-21.996569,-16.42847741,-14.37720864,-9.738324178,-8.204491867,16.412933
1564,696,336,559,343,827,2821,3548,3658,3715,-23.0712,-18.49562215,-12.4821879,-12.22035724,-6.784518154,4.2254753
1910,925,359.5,603.5,376,978,2740,3381,3499,3622.5,449.1839,-13.48506279,-14.56718484,-7.188509225,-9.189465458,16.150513
2147,1056.5,401,735,447,1190.5,3326.5,3941,3953.5,4229.5,-21.980263,-14.92304819,-15.08510692,-8.779210292,-8.688707744,6.2283
2371.5,1769,718,1054,1036,1572,2630,3017.666667,3091.333333,3221.666667,1859.772,-10.698337,-20.46961287,-3.860881193,-14.05795374,7.1467285
2639.5,1665,662.6666667,966.5,942,1512,2675.666667,3022.5,3065,3180.333333,1828.7686,-11.25447894,-19.61969265,-3.80158684,-14.21551433,8.125
2342.5,1430.5,584.3333333,858.6,723,1388,2642.5,2982,3083,3213,1801.8202,-12.89665785,-18.7859057,-7.287542352,-12.36969015,8.674072
2232,1216,426,714.5,470.3333333,1175,2883,3353,3404,3527,1723.3419,-13.66996754,-18.10292242,-7.069927442,-10.74044821,9.496582
1926,973,342,564,360,903,2317,2732,2772,2959,-22.152586,-14.56911463,-15.19973856,-9.07845467,-9.850653132,14.014807
2554,1752,642,975,1088,1452,2660,3096,3190,3400,687.3478,-17.56520289,-14.63186709,-11.02449898,-9.831016772,10.288452
1836,869.5,460,657.5,479.5,937.5,2248,2739,2740,2982,-25.406292,-17.53282187,-16.09493927,-10.8494306,-10.7439107,4.553652
2095.5,1070.5,443.5,759,496.5,1218,2746,3192,3252.5,3514.5,-25.731506,-16.3338728,-14.31148798,-11.00259469,-8.809483009,7.0583305
2697,1802,532,847,808,1389,2636,3049,3116,3317,579.24866,-18.71802585,-13.82436527,-12.71020677,-7.199852839,6.8878784
2724,1921,699,984.5,1074.5,1520.5,2402,2698,2763.5,2926,209.42296,-21.09957558,-13.13891013,-15.88189898,-5.876784798,12.424438
1315,589,373,584,365,881,2476,3123,3169,3228,-25.264917,-14.58819534,-13.5819896,-9.451328403,-7.716049104,12.41831
2853.5,1694,434,689.5,624.5,1195.5,2777.5,3270.5,3347.5,3637.5,1611.899,-15.94735374,-16.43032501,-9.30387537,-10.04177756,5.684204
2673.5,1525,419.5,696,581,1152,2852,3259.5,3311.5,3593.5,1553.0652,-14.27729573,-16.20699294,-8.788177307,-10.9154048,5.9405518
2628,1425.5,380.5,584,513,1049.5,2762.5,3246.5,3308.5,3576.5,1516.5364,-16.0567023,-15.59613025,-9.395506017,-8.779655233,16.316528
2753.5,1677.5,426,668.5,593.5,1126.5,2459,2886.5,2985.5,3177.5,1496.8948,-14.94789603,-15.89643289,-9.606485735,-10.72866503,15.104248
2029,985,324,587,358,1073,2799,3335,3448,3764,129.32217,-15.89528562,-12.46493167,-10.40868393,-6.130892936,11.451263
2137,1332,438,721,605,1154,2626,3114,3149,3340,454.55188,-15.62121326,-17.43356679,-8.64823112,-11.01865688,8.146301
2146,1410,486,746,705,1194,2445,2893,3026,3045,448.06375,-14.34487835,-18.66521837,-7.9099598,-13.36980193,11.195374
2229,1298,431,677,615,1139,2636,3174,3217,3410,557.724,-16.05024997,-15.07882695,-9.947062906,-9.713186709,15.244812
2184,1451,525,863,790,1337,2750,3241,3283,3436,458.17444,-16.45333906,-15.79746906,-10.41548111,-10.38916322,11.653595
2899,1981,536,866,899.5,1396,2605.5,3038.5,3137,3349.5,1267.7363,-13.59808691,-18.43184156,-7.041902529,-12.89353519,6.7854004
2196,1452,552,805,812,1226,2312,2594,2779,2744,421.73758,-17.25279192,-17.46743146,-11.17982244,-11.49544603,7.6738586
1892,1147,365,585,450,908,2114,2354,2498,2547,486.10452,-17.46962954,-13.41192098,-11.3384244,-6.439597355,12.185699
2154,1385,404,669,559,1048,2181,2490,2558,2704,498.60156,-16.27755501,-14.84736425,-11.07057062,-8.657116456,17.805023
2704.5,1828.5,717.5,971,950.5,1510.5,2749.5,3214.5,3296.5,3436.5,1334.22,-14.73643473,-15.64713572,-9.641565174,-9.674781806,4.5720215
2841,1887,656.5,922,965,1425,2548,2838,2991.5,3123.5,1639.9965,-17.63677152,-14.83021504,-11.43033628,-5.356927421,6.0404053
2759.5,1854,571,886,963,1442,2745.5,3206,3340,3507,1419.6248,-13.91885634,-17.76535812,-7.438222915,-11.96763455,8.238647
2922.5,1944.5,656.5,1018,1008,1602,3016,3456,3447.5,3720.5,1445.6075,-14.82580923,-18.18517883,-8.135271995,-11.94033141,5.2788086
2801.5,1741,603.5,966,875,1499.5,2889,3483.5,3411.5,3677.5,1530.1154,-13.34367981,-17.97506305,-6.112210377,-11.3551577,5.031494
2583,1938,736,1019,1140,1554,2508,2781,2894,3019,289.48914,-17.66410871,-17.07393159,-11.33209304,-10.61608485,6.8923035
2354,1560,533,780,780,1184,2328,2603,2672,2880,379.59634,-16.02322464,-16.7492469,-9.362216651,-10.84534441,7.1345062
2321,1536,545,825,810,1299,2381,2677,2764,2864,353.53864,-16.03644971,-16.4151065,-9.955188379,-11.06310413,11.177795
2155,1628,541,762,837,1164,1903,2082,2158,2351,407.1563,-12.74862031,-19.76968413,-4.594089249,-14.04295974,12.900909
2497,1961,769,1049,1315,1607,2373,2609,2668,2836,384.3074,-15.47083122,-20.71016556,-7.607532423,-13.25199257,5.183838
2809,2179,1019,1459,1576,2061,2795,3042,3193,3131,642.1094,-13.11131792,-16.95967219,-6.51336147,-11.34539765,15.342957
2023,1138,348.9130435,607.1666667,414.3684211,926.4,2492,2922,2956.333333,3205.333333,1113.821,-17.1033965,-14.09463144,-10.68090643,-6.698724699,15.083862
2125,1306,421,675,548,1046,2133,2429,2439,2643,396.23828,-17.46225815,-14.68635034,-11.41148618,-7.819792221,7.2010193
1485,896,486,685,572,940,2054,2337,2456,2498,841.3877,-16.91007289,-14.03799339,-10.79272364,-8.669073046,6.1066284
2005,1009,347,543.3571429,399.3333333,872.0588235,2721,3271.4,3409,3465.666667,991.5295,-15.71650579,-15.81001409,-8.049039437,-9.192821115,14.853943
2191,1436,455,706,621,1103,2196,2507,2582,2681,408.8691,-16.86282045,-13.4488643,-11.22537814,-8.529355694,5.253235
2100,1255,453,663,561,1015,2266,2549,2603,2743,363.002,-18.70796999,-13.21763978,-13.33968719,-6.749504702,10.717163
2248,1447,423,668,617,1091,2253,2595,2664,2769,343.83893,-17.64940449,-15.52579092,-12.21222649,-8.196471843,16.26593
2344.333333,1417,463.2857143,750.6363636,664.75,1163.6,2377,2811,2804.333333,3027,1018.4097,-13.05432965,-18.89681379,-5.403436333,-12.41616696,6.3637085
2683,1906.5,493,750,805,1182.5,2088.5,2437,2467,2696.5,1561.039,-18.77647463,-13.47673738,-13.45840925,-5.22353169,8.372681
2514,1415.8,556.2,785.9090909,720,1232,2342.333333,2724,2824.5,3017.333333,969.33405,-13.25918082,-19.60603414,-5.31984877,-12.88618484,8.56781
2040,1324,458,669,682,1048,2023,2325,2384,2496,332.40305,-15.78201378,-17.4999186,-9.886690026,-12.23765516,8.2960205
2274,1624,602,867,839,1327,2238,2460,2578,2651,657.6112,-17.8591343,-15.69147759,-10.84232612,-10.55334725,2.5803833
2672,1909,663,912,1004,1392,2369,2738,2871,2956,310.38226,-18.66903452,-15.00521112,-13.13330755,-10.34091614,11.172516
1934.6,1170.4,429.9166667,651.9090909,494.8666667,1005.4,2261.5,2649.333333,2670.666667,2833.5,902.8405,-16.14230149,-13.8738882,-10.58875705,-8.742132146,6.5598145
1949,1110.25,368.5625,615.6666667,433.2142857,974.0909091,2440,2866,2905,3096.25,881.52454,-15.2875021,-14.41706591,-9.868027389,-9.492176568,5.8685913
2140,1258,424.25,675.25,567,1062,2300,2548,2619.666667,2786,862.07776,-17.50453643,-14.41576405,-12.06376231,-8.563018127,6.0700073
2165,1616,575,812,952,1233,1988,2251,2350,2476,321.78622,-15.21534621,-17.09730943,-7.260414377,-12.87003116,18.092194
2158,1475,487,685,703,1027,2021,2269,2378,2431,542.2713,-17.88867223,-13.60875813,-12.29636427,-8.907300667,8.099548
2044,1226,519.6,748.3333333,614,1164,2334,2667.5,2790,2918,742.15735,-17.044839,-16.18124986,-10.93477488,-10.69485334,4.8588257
1976,1319,431,627,597,976,1868,2078,2154,2211,526.838,-15.82234826,-16.23051207,-9.983683454,-10.70597818,10.113739
2244,1519,460,655,684,1064,1900,2128,2251,2379,480.91,-16.4012622,-17.00104973,-11.20731461,-10.33607661,8.401184
2086,1406,454,658,658,1028,1976,2177,2285,2368,486.98703,-18.17797175,-14.68674543,-12.56269407,-9.15118915,6.20755
2024,1426,446,650,653,1012,1931,2178,2195,2409,303.70468,-15.2104251,-16.98688899,-10.64130471,-11.9008786,10.321259
2102,1349,436,662,597,1024,2011,2280,2324,2500,457.3372,-16.23137078,-15.94997502,-10.23647772,-9.803160475,6.509308
1547,903.2,363,530.8888889,429.2666667,819.4,1797.333333,2104,2097.2,2249.5,968.60815,-14.19655003,-15.16848484,-10.32828337,-10.63250763,11.642761
2464,1578,598.5,848.5,804,1304,2713,3086,3192,3333.5,1531.9006,-15.07583566,-15.79995616,-9.603308914,-8.759158917,7.8620605
2303,1573,511,741,777,1139,2135,2420,2477,2555,439.166,-17.51314681,-15.26579314,-11.19457834,-9.635406665,5.723816
1971,1239,424.8333333,648,601.6666667,998,1886,2103.666667,2200.5,2295,886.01373,-15.73123383,-15.52484657,-10.46632817,-10.4670011,9.389465
1885.5,1194.333333,440.5,663.2222222,619.6666667,1015.625,1864,2120.333333,2184.166667,2293,868.79535,-16.71661467,-14.70027244,-11.79936361,-8.854252299,10.571655
1724,1080,373,564.5,504,884.3333333,1654,1910.4,2026,2103.4,811.60876,-15.76727838,-14.30913281,-10.82266937,-9.076341724,8.923767
1831,1227,431,632,665,986,1723,2012,2154,2204,305.2173,-14.53653615,-15.4184618,-9.463207598,-11.09671458,10.974335
2202.333333,1441.5,453,709.6666667,675,1131.166667,2150,2428,2440.5,2631.5,790.29205,-17.00617321,-14.60774354,-11.3177529,-9.36584774,3.980835
1564.333333,909.3333333,320,510,421,797.6,1619.5,1827.333333,1918,2049,797.517,-14.15840417,-14.56627551,-10.1744869,-9.729840383,8.9552
1508,882,369,578,526,867,1726,1993,2031,2143,534.87366,-13.38924442,-15.55535352,-8.459960326,-10.07611549,8.967712
1872,1014,392.5,621,440,984.5,2858,3527,3597.5,3795,-3.9703526,-15.2395429,-15.93201746,-9.745328949,-9.339199041,6.3842306
2117,1525,503,717,750,1105,1777,1969,2028,2129,291.6276,-20.6015944,-14.34760755,-14.44284669,-7.381391573,17.260254
1859,1147,434,666,650,1053,1945,2208,2276,2439,516.9335,-14.90722841,-16.14058746,-9.586541142,-10.9251772,12.577728
2426,1834,554,781,883,1208,1967,2217,2360,2517,281.81323,-16.82345438,-16.85450881,-10.76035682,-11.19594266,12.616089
1709,1200,392,538,526,812,1351,1557,1606,1702,303.03363,-16.41338207,-14.75734256,-10.91556429,-9.638294993,16.087402
2275,1707,546,774,842,1200,1955,2203,2282,2375,283.75415,-17.76179674,-15.91665772,-11.16624907,-9.802938448,9.361176
2019,1502,650,865,922,1248,1875,2085,2133,2249,283.57947,-13.69002299,-22.34711766,-5.83198279,-15.92279779,11.721817
2041.5,1275.5,391.5,618.5,594,1021,2369,2852.5,2940,3069.5,925.2462,-14.28997335,-18.15240531,-5.344344807,-9.660753393,7.6119385
2310,1685,735,1008.5,1161,1463.5,2096,2357,2530,2551,392.0964,-16.63803485,-16.92598122,-10.41431614,-11.71652532,9.09903
2236.5,1099,365.0833333,652.75,398,1003.142857,3394,4188,4369,4477,890.29114,-15.39420655,-14.62379377,-9.490867834,-7.842100719,6.991699
2825,1653,513,834,702.5,1361,3082,3684.5,3729,3947,1144.7402,-12.01527782,-18.01192219,-4.429462181,-11.05422104,9.568237
2437.8,1136.333333,436.5714286,716.1,462.125,1099.6,3467.666667,4276,4334.5,4532.666667,852.72296,-15.05411488,-15.36077984,-8.74794071,-9.571765626,8.583435
2726.5,1296.5,434.5,725.5,484,1233,3592.5,4390.5,4419,4649,1186.5103,-11.97725314,-17.26014061,-4.947442573,-10.52971469,7.7697754
2183.666667,1313,413.8333333,682.1111111,498.8333333,1137.2,2766,3243.5,3350,3471,819.71466,-12.49014881,-17.23033084,-5.979993067,-10.95216579,9.889709
2254.5,1030,342.5,554,373,930,3213,3899.5,4006,4177,1690.6521,-13.86933512,-15.43435476,-7.336678653,-9.131839062,24.115723
2099,1448.2,488,769,759.5,1216,2518,2962,2946,3156,993.9149,-16.08633716,-16.88563995,-9.528464544,-10.78781478,17.54535
1852,1259.5,425,618,657,947.5,1697.5,1939,1988.5,2132,489.57135,-14.21151462,-13.3836913,-9.124459126,-8.372305887,11.8714905
2927,1419.5,484.5,785,593,1394.5,3836,4729.5,4694,5059,1100.9133,-12.21642167,-17.40555512,-5.224841133,-11.38080457,8.322632
2791.5,1361,446.5,782,542.5,1273.5,3948,4832,4891,5100.5,1115.6969,-8.720959951,-19.69631428,-2.193091083,-12.83612645,9.80957
3277.5,2036,683.5,1084,976,1692.5,3565.5,4057.5,4100,4349.5,1064.7634,-11.38433374,-19.3850559,-1.86931688,-13.79641877,7.182373
2458,1720,590,881.5,891.5,1358.5,2354.5,2700.5,2767,2933.5,985.29645,-16.15161941,-15.40523914,-11.44037312,-8.080791034,8.431824
2525.5,1481,415,679,554.5,1186,2878.5,3385,3491,3648,1036.3522,-16.98767876,-14.56644915,-11.24546301,-7.963597326,10.035522
2957.5,2332.5,976,1280,1592,1906.5,2764,3075,3176.5,3331,429.603,-18.48265408,-18.57045155,-9.820212552,-13.16684574,6.4501343
2065.25,1076,284.5,544.1333333,356.7222222,861.5714286,2645.333333,3399,3466.5,3659.4,1022.1229,-14.20610048,-16.0728884,-7.202725148,-10.4887438,23.922241
2438.5,1303,403.5,703,503.5,1238,3356.5,3999.5,4142.5,4173,1079.8829,-14.87172714,-17.38788847,-9.297304944,-11.29224545,9.672852
2199.5,1315,382.5,639.5,536.5,1088,2569.5,3054,3205.5,3338.5,1129.0278,-13.4239399,-16.32532965,-9.323702438,-10.12246332,10.3927
2146.5,1410.5,484.5,693.5,745.5,1078.5,1965,2259,2352,2524.5,393.34576,-14.35084727,-17.78869726,-9.117298754,-11.58593295,10.199554
2676,1781.5,624.5,881.5,962.5,1403.5,2347.5,2676,2819.5,2972.5,381.56805,-15.85029233,-17.17122268,-9.869322169,-11.60414396,7.6267395
2279.5,1450.5,460.5,712,662.5,1217,2271.5,2561.5,2678.5,2820.5,1116.3026,-17.28416426,-17.07234254,-11.36968403,-11.69211528,7.220581
3050,2126,888,1181.666667,1417,1741.5,2681.666667,3044.75,3107.5,3364.6,1126.2092,-20.44877902,-16.50875614,-12.71639606,-10.37289693,8.987549
2246.5,1057.5,320,522,375,910.5,3147,4004,4079.5,4239,1280.5613,-16.16486214,-11.71787115,-10.10416258,-4.826549864,12.470825
2064,1412.5,480.6923077,728.3333333,730.5833333,1182.5,2101.5,2545.571429,2585.666667,2646.333333,1022.56067,-17.11981702,-17.98958107,-11.14033262,-11.5891256,16.963806
2287.5,1467,488,757,691,1182.5,2257.5,2589.5,2733.5,2872.5,418.0167,-16.004847,-18.76694758,-9.575582218,-12.61547607,7.7875977
2210,1037.5,350.8421053,599.75,349.7272727,917.875,3045.125,3799.5,3889.6,4078,998.7967,-18.37135912,-12.22093752,-11.99613621,-5.352377257,13.88678
2233,1037.5,409.3846154,662.2727273,412.5294118,979.5,2976.125,3628,3665,3856.5,989.29675,-14.36904118,-17.70823979,-7.221999074,-10.88770203,13.834045
2292.25,1160.5,359.96,671.1333333,473.25,1045.714286,2981.428571,3477.5,3680.25,3811.5,972.28864,-16.07213529,-15.04112932,-9.802026627,-9.580953583,14.294983
2020.5,932,326.5,510,362,735.5,2823,3561,3708,3831.5,1115.8749,-15.44782664,-13.47634494,-9.535638117,-7.324549815,39.60132
2371,1432.571429,474.8888889,695.6,680.6666667,1125.5,2023,2308.5,2377.5,2536.5,849.2144,-18.2939851,-12.4854251,-12.21626506,-6.606402256,9.677429
1998,1041.5,319,496.5,390.5,765.5,2429,3018.5,3059.5,3245,1069.607,-15.49910082,-15.07272144,-9.176606282,-8.953859204,35.454468
1768.2,965,333.9,526.5454545,403.1666667,792.5,1801.75,2061,2157.5,2328.25,823.9404,-13.94738296,-18.78193114,-8.10402991,-12.85521549,10.095947
2398,1284.5,399.6666667,656.2666667,526.1666667,1108.625,2470,2908,2995.2,3097.5,805.33923,-17.07777956,-14.68157435,-11.22146843,-8.227596685,14.715027
2118.5,1132.5,366.5,615.5,459.5,979,2853.5,3495,3601.5,3775,1040.3741,-16.36750327,-13.56888341,-9.745501068,-7.70660982,29.151611
2401.5,1220,405,630.5,513.5,1087,3021,3500,3740.5,4050,1683.7561,-16.25942719,-16.7229841,-8.61906028,-9.386804767,15.723022
2233,994,366.5,578,401,989.5,3220.5,4041.5,4109.5,4284.5,1003.9608,-15.59972106,-13.07976787,-9.886313383,-6.553397263,13.787903
2142.5,1003,358,571.5,399.5,930,2626,3121.5,3176.5,3379,931.22034,-17.09697047,-15.54924859,-11.1379199,-8.516406813,40.598694
2248.5,1287.333333,495.625,721.4444444,594.6363636,1106.333333,2527,2901.5,3095,3181,759.48987,-11.67660972,-19.72896047,-5.523846184,-13.39995802,11.367004
2423.5,1531.5,495,726,649.5,1109.5,2385,2740,2858.5,2944,1390.1597,-15.2573193,-13.32210301,-9.113052449,-8.41666311,11.032837
2091.5,1219.5,380.25,615,535,992.3333333,2457,2950.5,3096.666667,3243,717.194,-15.08012322,-18.52482989,-7.71713946,-11.98053781,9.745422
2568.5,1548,486,778.5,676,1159.5,3058.5,3763.5,3910,4046,696.66925,-15.60689664,-15.11303888,-9.566644345,-8.422175859,28.658997
2334,1524.5,569.6666667,854.5,826,1274,2666,3078,3127,3274.25,1115.5541,-12.71969519,-17.7217419,-5.775623461,-10.5779683,11.343628
1956,1307,484,664.3333333,692.5,1045,1750,1974.333333,2082.5,2171.25,731.4231,-15.54810826,-21.11836297,-8.250066014,-14.12070536,11.9823
2323.5,1135.5,348,581,393,930,2982.5,3576,3622,3868,737.49054,-15.41612527,-11.81959261,-9.834536391,-5.080102044,26.035583
2210,1094.5,411,610,460,933.5,2859.5,3534,3613,3723,1241.2487,-14.27261722,-13.95527183,-7.890118123,-7.720034438,17.696655
1818,842,270.5,426.5,304,694.5,2209.5,2770.5,2840,3054.5,806.27295,-16.14157712,-12.59908727,-9.299925978,-5.8237168,36.026978
1990,913,321.5,506,337,812.5,2753,3342.5,3356,3506,851.7364,-12.62810982,-13.24791673,-7.574185664,-7.931307498,31.497314
2411,1297.5,423.5,643,552.5,1052.5,2754,3258,3355.5,3506,1334.2671,-14.41065001,-15.91739279,-7.588929024,-8.85998164,8.999634
2155,1038,350.5,570,387,913,2788,3312,3494.5,3610.5,866.1201,-14.82773706,-14.78033471,-8.355234476,-8.645125185,34.084595
2380.5,1314.5,400.5,636.5,556,1037.5,2605.5,3151,3248.5,3412.5,1383.7152,-14.78677033,-15.63431361,-7.765219984,-8.966370079,9.138062
2485.5,1451,438,681.5,618,1178.5,2628,3171,3210.5,3460.5,1399.5408,-14.76194652,-16.30750851,-8.960774672,-10.40410562,7.520996
2104.25,1295.5,483,731.6,669.6363636,1112.571429,2042.5,2343.8,2404,2525.666667,922.20483,-12.63863027,-21.27886173,-5.038598987,-14.08816938,8.220032
2139,1094,406,640,495.5,1016.5,2848,3555,3752.5,3819,1297.8588,-15.94998035,-16.1652309,-9.271503308,-9.921083753,15.413086
2307,1681.5,533,811,982,1300,2149,2440.5,2553,2686,1535.7223,-16.55199004,-15.74001782,-9.862541503,-9.06554906,5.381714
1868,1291,508,763,740.5,1151,2056,2393.5,2377.666667,2535.5,1056.3855,-14.81855985,-18.45023138,-7.907584339,-12.20436941,10.119019
2043.333333,1110.25,373.5,605.6666667,434,964.5,2759,3321.75,3434.5,3575,975.7374,-16.94447715,-14.94877543,-10.39983446,-9.111874819,10.329041
1966.5,1133.8,370.0833333,629.7692308,488.2,1013.857143,2062,2339,2392.5,2546,977.90375,-15.10074458,-15.04843971,-9.446888231,-11.14161919,7.9799805
2384.2,1391.166667,495.5555556,812.5,649.3333333,1268.2,2747.333333,3158,3220.8,3415.333333,944.1851,-18.68164614,-16.67712906,-13.31451779,-10.4369203,7.0234375
2160.666667,1267.875,464.0555556,685.3076923,630,1043.615385,2609.4,3083,3255,3383.25,1082.9211,-17.15330062,-15.92404641,-10.43921888,-8.72387306,17.47461
1977,1105,431,662,535,1012,2165,2526,2611.5,2677,1150.9,-11.05978904,-21.6489699,-2.506442223,-14.78265786,11.728394
1688,972.875,366.9230769,559.9,431.2,910.6666667,1969.5,2320.833333,2415.833333,2493,986.3856,-13.3176203,-16.62559868,-8.565080564,-11.5393133,8.302307
1904,1115,431.1818182,655.0909091,497.6,1007.285714,2297.25,2661.5,2765.571429,2865.666667,946.22455,-13.09089384,-16.32566919,-7.771646548,-11.6309,8.558899
2304.5,1356,456,700.5,619,1120,2247,2557.5,2624.5,2871.5,1242.3961,-15.32959628,-16.49831997,-9.579153759,-9.738282052,11.091431
2006.4,1165.125,399.2222222,655,496.7,1004.5,2157,2494,2550.5,2745,925.0429,-15.25530953,-15.87405276,-9.093863592,-10.64700234,7.708374
1674.5,938.5,339.625,560,426.5,885,1962.5,2246,2260,2417,892.07324,-13.0849004,-15.80275276,-8.198985656,-10.99885486,8.267578
1901.6,1165.8,430.4166667,684.1818182,618.7142857,1038,2094.2,2382.333333,2511.5,2553,883.2789,-13.45681464,-16.22595639,-7.849996074,-11.28094592,6.3999023
1629,904.6666667,337.0833333,562.8181818,396.0833333,843.4,1941.5,2226.5,2208,2378,876.6714,-12.45811351,-15.53724579,-8.180618746,-10.97534049,7.1065063
2317,1503.5,535.5,882.5,819.5,1319.5,2508,2946,3054.5,3170,1265.8011,-14.7244932,-15.52181826,-8.389359681,-10.47097016,15.241211
2459,1343,511.5,779.5,648,1220,3083,3664,3746.5,3924.5,1253.734,-17.42332451,-13.56057722,-10.83344463,-7.40236992,13.783081
2362,1645,564.25,816.8888889,906.4285714,1259.714286,2184,2453.857143,2476.75,2684,801.95374,-15.3537752,-17.5188877,-10.35223694,-11.37632844,4.697632
2482,1746.666667,694.75,980.3333333,1049.25,1484.5,2355,2618.666667,2704.333333,2827.4,784.5273,-20.87492307,-16.76205838,-16.23124663,-9.247236014,6.4572754
2104,1061.5,398,627.5,457,986.5,3035.5,3715.5,3786,3967.5,1202.0769,-14.1334721,-14.51966889,-8.515089525,-9.905029202,17.364746
2570.5,1562.5,552.5,848.5,739,1269.5,2984.5,3406,3488.5,3597,1588.311,-10.31822005,-18.95376775,-3.898455702,-12.43101414,16.942993
2822.5,1646.5,464.5,762,673.5,1329.5,2872.5,3452.5,3660,3738.5,1096.3295,-12.03681667,-18.69399337,-5.25677058,-12.07932508,7.790161
1910,1250,498,747,691.5,1089.5,2066,2370,2468,2600.5,710.7189,-16.60361001,-19.02362735,-10.18683984,-14.46224603,11.3966675
2511.5,1395.5,427.5,714,610,1241,3274,3980.5,4054,4131,1061.5007,-11.87450657,-21.03197774,-4.455901434,-13.76146857,6.8518066
2157,1282,426.5,672,597.5,1070,2217,2490.5,2658.5,2761,988.46625,-16.02111312,-15.56825483,-10.24533218,-10.13485018,7.055542
2613.5,1637.5,428,753,669,1274,2938.5,3410,3551,3713.5,1058.0477,-14.39020727,-20.77320659,-7.171524054,-13.96851037,7.5081787
2038,1400.666667,535,790,793,1157.333333,2105.2,2355.25,2457.5,2600,714.4318,-14.18600937,-21.50778437,-6.241577338,-15.24547391,8.733276
1744,947,372.3636364,617.2222222,456.7692308,942,2221.5,2565,2606,2730.5,975.9837,-13.69478959,-15.41875868,-8.934246587,-10.47725018,7.444214
2136.5,1264,445.5,671.5,600,1066,2268,2552.5,2783.5,2848,951.6123,-14.34008049,-18.14693772,-8.342875066,-11.4506463,6.694702
2121,1174,432.7,687.6666667,523.25,1110,2604,3048,2996,3242,955.30457,-14.13026996,-17.28628647,-7.674649423,-11.0672949,6.5376587
1876.5,1109.25,498,722.5,621,1099.666667,2203,2578.5,2689.5,2807,931.27246,-12.5757113,-18.72789768,-6.408892989,-12.34381982,6.76416
1805,1228,492,709.3333333,665.3333333,1068.5,2042.5,2345,2409.5,2591,918.50775,-13.43377473,-17.81832867,-5.098051251,-11.85030812,7.897766
1578.333333,884.6666667,395.2,612.4285714,444.5714286,915,2063,2385,2415,2537.5,910.547,-12.40841083,-19.2121599,-6.907430779,-12.962327,8.831482
2507,1506,423.5,675.5,603,1218,2696.5,3217.5,3212,3393.5,1083.9226,-16.90538032,-14.7994945,-9.876508776,-8.867448311,19.659668
2111,1415,581,804.4,805,1192.333333,2347,2725,2770,2917,767.81177,-16.46994122,-18.27742289,-10.55541326,-12.58289907,6.8250732
2598,1471,432.5,730.5,590,1256,2884.5,3335.5,3551,3663.5,1052.2162,-16.06677837,-15.64139815,-10.88604399,-8.664953934,23.650635
2202.5,1039.5,334.5,544,372,897.5,2994,3725.5,3804.5,4004.5,872.7726,-20.40600016,-11.71307277,-14.12751784,-5.541917779,38.345886
2379.5,1096,338,559.5,383,1012.5,3149.5,4017,4100,4324,833.81665,-15.08335885,-14.22556357,-9.024385051,-7.45979171,27.859558
2103,1174,446,685,529,1034,2327,2712,2804,2913,879.1914,-16.37281025,-14.24139405,-11.35316522,-9.417633505,6.386963
2136,1199,453,692.3333333,552,1081.5,2387.5,2794,2836.333333,3007,818.13763,-17.0269176,-14.59725835,-11.59772073,-10.06039278,8.417358
2346,1556.25,570,831,841,1261.5,2465,2826,2986,3096,784.10535,-17.34392764,-15.26212572,-11.22430478,-8.925927924,6.525879
2120.5,990.5,319.5,489,362.5,868.5,2676.5,3442,3467,3717,1021.5817,-17.23994543,-9.857646684,-11.59910162,-3.093685289,23.490234
2271.5,1063,367.5,536.5,399.5,924.5,2695.5,3260,3392,3648,1071.219,-17.9717814,-10.13322112,-11.14847138,-3.945583832,22.561401
2100.5,918,336,503,337,827,2952,3744,3857.5,4051.5,1113.2184,-16.81676994,-12.29740744,-10.26457089,-4.0811891,17.711182
2421,1676.5,583.3333333,846.75,966.5,1395.5,2411,2805.333333,2824,3027,744.43823,-15.58815399,-17.32989706,-10.66944214,-12.57684035,5.6273193
2134,954,346.5,524,352.5,894.5,3006,3714.5,3788.5,3949.5,1137.6187,-16.65083505,-11.79902693,-10.71717909,-5.752099614,23.064453
2325,1506,688,946,949,1397,2572,2928,3069,3175,868.79364,-16.20154305,-16.64243908,-10.20576659,-11.88162965,9.897766
2296.5,1113,367,597,414.5,1049.5,2989,3675,3776,3934.5,1358.2972,-16.90856517,-13.15270655,-11.01208703,-6.55023991,18.621948
2067.5,949,313.5,515,348.5,893.5,2867.5,3533,3677,3794.5,1394.1154,-13.53798808,-14.66808609,-7.751344093,-8.672017417,20.334473
2417.5,1144,397.5,661.5,418,1067.5,3254,3984.5,4052.5,4332.5,963.82275,-12.02427382,-16.66399125,-4.68518731,-11.01100087,26.4422
2302,1070,386,607,407.5,1020.5,3149,3872,3896,4168.5,946.5008,-13.44203259,-17.36598373,-6.769968025,-11.06176286,24.89618
2728,1570.5,495.5,766.5,809,1369,3741,4386.5,4736,4705.5,1348.414,-16.64376081,-15.52628921,-11.42497864,-8.378270129,28.224243
2193,1041,365,590,394.5,996.5,2938,3619.5,3674.5,3866,924.9299,-14.45419396,-17.98710195,-8.134999095,-10.45745752,21.272095
2451,1253,392.5,695,423.5,1168,3166.5,3814.5,3769,4015.5,877.74835,-16.19875996,-17.57036428,-9.663592218,-12.15992122,30.044922
2157.5,1026.5,355.5,582,402.5,938.5,2831,3530.5,3678,3785.5,855.82306,-15.8201371,-14.55057515,-9.51325779,-8.184652438,26.94812
2483.5,1243.5,434,675,525.5,1101.5,2950.5,3671.5,3871.5,3939,832.9076,-14.65572423,-17.22820044,-8.422867098,-10.72887081,35.01825
2233.5,1062,376.5,599,426,994,2909.5,3597,3600,3801.5,803.82983,-13.49708271,-16.82998276,-5.751359813,-10.37561234,30.878723
2220,1021.5,365.5,545,406,923.5,2872.5,3593,3566.5,3818.5,788.3738,-13.28082434,-17.20726565,-6.726564008,-10.65509957,32.654175
2295.5,1068.5,389,596.5,432.5,998,3044.5,3803,3893,4030,783.3601,-13.4052816,-16.66821705,-6.58390109,-10.03848346,31.174255
2576,1237,437.5,659.5,475.5,1075.5,3460.5,4353.5,4410.5,4586,599.6288,-19.60488498,-15.42902468,-14.12645268,-9.653835221,22.034302
2463,1150.5,371,636,416.5,1049,3280,4189.5,4217,4447.5,546.25024,-16.48849959,-15.72652926,-9.672600513,-9.196479406,27.68573
2267.5,1078,352,561,400,1021,2956,3666,3676,3888.5,521.99805,-15.96116769,-13.51351114,-9.890953071,-7.115558978,20.380676
2344,1116,335.5,593,383,1017,3278,4063,4135.5,4368.5,503.81543,-16.41903751,-14.87065346,-10.03386717,-8.227599003,22.58191
2119,1027,374,618.5,479.5,968.5,3016.5,3666.5,3696,3847.5,988.39557,-14.47276957,-14.78363529,-8.481076646,-6.986194105,30.250732
2217.5,1113.5,337.5,586.5,403.5,927.5,2860,3623.5,3834.5,3899.5,448.8612,-15.35064748,-17.16702771,-9.632200325,-10.89511629,25.55542
2242,1085.5,285,532,356.5,938,2843.5,3513,3599.5,3774.5,449.90387,-17.77948905,-13.87319013,-11.7839715,-7.141699661,23.834229
2561.5,1299.5,439.5,710,543,1264.5,3411.5,4113,4074,4233.5,482.00958,-16.61912455,-13.14148313,-10.21721342,-7.033870762,17.578705
2148,1322.5,487,729,635.5,1182,2601.5,3106.5,3174,3291.5,506.50546,-16.89121976,-12.28343656,-10.4722851,-5.346304889,10.682465
2301,1254.5,411,648,524.5,1124.5,2945.5,3441,3463.5,3635.5,1439.1792,-16.69761354,-12.02111209,-9.890373924,-5.852204689,19.067993
2415.5,1721,566,824,1079.5,1513,2411,2747.5,2692,2866,525.42487,-14.657138,-13.02880415,-9.32123842,-5.806008702,7.5077515
2118.5,1292.5,402.5,682,599,1134,2532,2959,3070,3113,560.9884,-16.28251122,-13.93368335,-9.822094936,-7.71325391,5.7349854
2671.5,1718.5,483.5,756,693.5,1247,2403.5,2774,2841.5,3036,1443.2505,-16.98782586,-12.81746932,-11.18883703,-5.778461441,6.1749268
2195,1224.5,297.5,493.5,445.5,897.5,2478.5,3086,3157,3303.5,637.62256,-15.91126742,-15.123538,-10.09198761,-7.314564457,15.461243
2245.5,1567.5,522.5,745,816,1161.5,1996,2278,2373,2488,610.1394,-16.54886191,-17.56937841,-10.64090331,-11.02177907,6.0843506
2533,1541.5,438,755,651.5,1178.5,2643.5,3069,3092,3281,1470.1393,-15.8294495,-11.41814943,-10.24046418,-6.241662514,6.839966
2558,1802,536,749.5,841.5,1240,1980.5,2254,2408,2431.5,723.64343,-21.22527872,-13.99907164,-14.9856383,-7.708493349,7.8242188
2182.5,1290,418,707.5,602,1111.5,2557,2977.5,3113,3192,667.9636,-14.26508814,-17.40518665,-9.378726522,-11.43550238,10.032532
2243,1434,369,632,586.5,1065,2338.5,2742,2817,2973,641.8972,-19.99052393,-11.97298657,-13.48808503,-3.492940638,9.38446
2329,1444,398,644.5,603,1110,2399,2723.5,2857,2974,838.14185,-17.49618398,-13.34953476,-12.4389438,-7.35264862,7.274475
2685.5,1660.5,527.5,820,763,1378.5,2858,3335.5,3412.5,3584.5,1770.7902,-18.58018516,-12.41579993,-12.67759995,-5.140071056,6.9455566
2514,1752,565.5,832.5,889.5,1335,2209,2543,2667.5,2752,688.44415,-7.858265638,-19.08641544,3.776730746,-12.84410193,13.496033
2650,1664.5,460,787,698,1236.5,2870,3437.5,3547,3696,713.36816,-5.116921193,-19.04299173,4.011627462,-12.70687824,9.496826
3284,2131,625.5,925.5,1016,1521.5,2940.5,3525,3602,3878.5,748.13605,-7.328249851,-19.26463277,1.344850356,-13.38684192,14.3220215
2120,1219,321,588,438,1079,2803,3334.5,3448,3603.5,839.9372,-20.65387136,-14.00707002,-13.8925897,-6.536408659,9.912231
2261.5,1299,335,563.5,475,998.5,2615,3219,3320,3463.5,872.1285,-15.92210265,-14.43478864,-10.3103075,-8.248241915,13.1675415
2260.5,1384.5,406.5,634.5,572,1044.5,2224,2679,2842,2944,898.2676,-14.82011483,-18.05420096,-8.679575768,-10.7401075,4.565979
2104,1022,307.5,506,357,875,3009,3814,3852.5,4105.5,933.3817,-13.85065284,-15.31664149,-6.426462787,-9.344631604,11.086365
2426,1308,416,711,515,1196,3543,4311,4396,4577,1080.303,-14.37488993,-16.56872545,-9.382984439,-11.16839755,3.8046875
2077,1290.5,556,828,803.5,1239,2328,2714.5,2765.5,2892.5,890.4398,-17.07725509,-15.00641761,-9.61722306,-9.024708641,15.583862
2414,1229,385,605,495,1058,2844,3446,3577,3764,1140.3553,-12.75951202,-16.41472163,-7.427021582,-10.27029575,21.04541
2441.5,1417,365.5,599,531.5,1018.5,2425.5,2947.5,3058.5,3264.5,979.51135,-17.48980661,-15.68458337,-11.38374564,-9.612880698,11.574036
2635,1314,441,682,611,1116,3513,4187,4229,4408,1198.5253,-12.5098407,-17.52702421,-5.916479531,-11.53153127,18.534302
2460,1312,434,646,572,1034,3124,3846,3982,4091,1224.4034,-11.73927633,-17.72735493,-4.060320601,-10.73467678,25.228882
2781,1931.5,582,871,982,1429.5,2688,3147,3256,3397,1040.6832,-13.92140581,-17.37028638,-6.780302886,-11.42047218,7.4212646
2690.5,1531,452,753.5,609,1223,3202.5,3778,3805.5,4056,1063.9858,-4.032090864,-20.29584176,2.591496368,-13.55807471,10.644775
3044,1899,585,928.5,869.5,1532,3403,3960,3872.5,4220,1124.5309,-7.563571888,-18.068206,-1.159693707,-12.43365032,12.84314
2812,1611,459,785.5,643,1288,3400,4056,4050,4292,1177.9838,-11.99775699,-19.72719135,-6.238162858,-12.69518322,11.639526
2816.5,1852,513.5,833,777,1312.5,2905,3393.5,3414.5,3643.5,1187.6129,-14.02489468,-16.41712484,-6.632706158,-11.1028247,10.085083
2868.5,1759,506,794,697.5,1279.5,2953.5,3474.5,3519,3746.5,1227.5029,-14.22348285,-15.40033808,-8.274718341,-9.209613879,7.4259033
2182,995,326,528,355,885,3032,3742,3758,3983,1116.3025,-13.7660498,-13.15259672,-7.876819193,-6.430447078,25.930176
2143,1031,343,530,398,889,2828,3452,3446,3668,1155.1974,-13.09771725,-12.58455796,-7.306371804,-6.148409037,25.890015
2531.5,1211,355.5,641.5,419.5,1069.5,3625,4357,4464.5,4577.5,1257.4126,-11.00886166,-18.50413725,-5.502236877,-11.77128533,14.077515
2680,1418.5,402.5,719.5,540.5,1234,3224,3695,3794.5,3986.5,1250.916,-14.03226177,-16.30913921,-6.909335362,-10.4818772,5.1781006
1991,932,315,501,335,796,2880,3579,3603,3796,1343.7584,-12.29280939,-15.26535185,-6.773936749,-8.608677106,18.296265
2612.5,1366,416,729.5,513,1233,3391,3902,4084.5,4205.5,1264.0402,-14.05857639,-17.23322507,-7.402138246,-10.70442422,4.321533
2356.5,1347.5,370,681.5,496.5,1108.5,2795.5,3207,3269.5,3461,1278.9296,-13.12529295,-15.21842557,-6.667664862,-9.233768048,5.8063965
2393.5,1455,369,675.5,530,1085.5,2673.5,3109,3181,3357,1296.8823,-12.96008271,-15.94945942,-5.984148443,-9.651579705,6.2714844
2091,998,343,527,346,840,3057,3791,3881,4074,1416.4054,-13.36892614,-15.01564346,-5.980711086,-8.268336013,20.76941
2142,989,331,534,348,882,3048,3823,3819,4065,1458.7894,-13.05016596,-15.17235759,-6.73051943,-8.378278631,21.157227
2196,1043,353,552,368,903,2956,3669,3763,3949,1485.633,-15.46859634,-14.96487418,-8.665212388,-8.208915354,16.85669
2222,1079,365,566,378,930,2774,3508,3559,3767,1511.9955,-15.81994836,-15.68464834,-8.721239806,-8.381317761,14.821289
2318,1237,416,576,456,951,2796,3395,3510,3729,1398.4862,-17.1231143,-11.62294718,-12.18702077,-4.561145494,10.489868
2386,1319,370,586,481,999,2571,3049,3117,3401,1415.9523,-16.97043399,-14.04930545,-11.69357926,-6.778014292,10.846069
2512,1448,407,637,552,1098,2451,2845,3029,3224,1464.2578,-16.88337547,-15.07266682,-9.821725095,-7.210863678,24.933105
2359,1359,359,538,475,909,2289,2796,2897,3053,1457.6477,-15.5468038,-14.99918397,-8.794240079,-9.368513576,26.357178
2563,1570,411,629,594,1121,2580,3096,3256,3442,1385.571,-16.75329756,-15.06072966,-10.82809672,-7.191991369,26.521118
2373,1248,338,542,448,915,2371,2947,2884,3108,1346.305,-16.6875277,-14.23699708,-9.403303147,-7.941460634,27.65271
2338,1398,434,683,615,1150,2627,2997,3111,3260,1196.8813,-14.18332662,-14.23289043,-8.595923465,-8.057063541,19.483643
2112,1416,439,659,649,1081,2106,2450,2523,2680,1230.8207,-15.5205766,-14.15166606,-9.832532066,-7.312516555,9.091675
2393,1290,433,712,531,1259,3185,3876,3986,4201,1266.221,-20.23229989,-10.98709419,-14.47288932,-2.840398719,6.234497
2384,1226,423,663,517,1121,3146,3870,3880,4121,1317.0133,-16.80256101,-10.64591085,-11.67987681,-2.623600837,10.183594
2344,1294,458,755,546,1234,3176,3879,3954,4144,1361.8701,-17.50361404,-11.73111062,-10.79011637,-3.789926157,7.5620117
2479,1412,413,718,608,1188,2864,3248,3331,3479,1601.4685,-19.57249931,-11.33468639,-14.58108798,-4.115629222,5.4067383
2432,1425,459,739,627,1265,2940,3479,3604,3818,1604.6113,-16.2996891,-14.17857493,-11.11583049,-7.90920363,4.8658447
2329,1428,399,696,553,1138,2989,3494,3576,3786,1610.8832,-16.40651554,-13.96732271,-11.37362758,-6.424910526,6.038208
2472,1671,486,700,686,1230,2394,2823,2937,3072,1522.7499,-16.89367797,-17.02235258,-11.41882869,-10.42023583,10.74646
2371,1713,550,759,830,1194,2089,2409,2618,2644,1453.8734,-18.78845077,-14.82134178,-12.07487998,-7.305663795,22.507812
2411,1683,547,778,815,1241,2230,2580,2647,2795,1419.3405,-18.85895631,-15.27798589,-12.61248411,-8.722195408,17.527832
2995,1379,486,752,477,1166,4165,5298,5428,5659,922.0187,-13.135466,-20.95463183,-6.276897647,-15.42069494,32.917114
2221,1062,358,552,354,940,2817,3562,3629,3909,909.55865,-18.04888003,-10.87387854,-10.91563312,-2.781897175,32.08081
2060,960,312,497,321,805,2939,3580,3669,3747,936.74084,-21.83101102,-9.662752178,-15.6024193,-3.424351505,27.572083
2234,1084,355,588,386,972,2971,3646,3781,3873,919.41235,-16.67593546,-11.91750793,-10.39842771,-5.383766095,26.806152
2536,1315,427,676,482,1107,3283,3884,3987,4163,929.6022,-8.678903608,-16.69408175,-1.312654919,-10.30424461,20.460266
3173,1644,558,905,612,1555,3810,4484,4606,4828,1094.6738,-7.374796333,-21.72450439,0.47867044,-16.80564689,21.189941
